,Input_0,Adenosine_0,Cortex_0,Cortex_1,Cortex_2,Cortex_3,Cortex_4,Cortex_5,Cortex_6,Cortex_7,Cortex_8,Cortex_9,Cortex_10,Cortex_11,Cortex_12,Cortex_13,Cortex_14,Cortex_15,Cortex_16,Cortex_17,Cortex_18,Cortex_19,Cortex_20,Cortex_21,Cortex_22,Cortex_23,Cortex_24,Cortex_25,Cortex_26,Cortex_27,Cortex_28,Cortex_29,Cortex_30,Cortex_31,Cortex_32,Cortex_33,Cortex_34,Cortex_35,Cortex_36,Cortex_37,Cortex_38,Cortex_39,D1_0,D1_1,D1_2,D1_3,D1_4,D1_5,D1_6,D1_7,D1_8,D1_9,D2_0,D2_1,D2_2,D2_3,D2_4,D2_5,D2_6,D2_7,D2_8,D2_9,SNc_0,SNc_1,SNc_2,SNc_3,SNc_4,SNc_5,GPe_0,GPe_1,GPe_2,GPe_3,GPe_4,GPe_5,SNr_0,SNr_1,SNr_2,SNr_3,SNr_4,SNr_5,SNr_6,SNr_7,Thalamus_0,Thalamus_1,Thalamus_2,Thalamus_3,Thalamus_4,Thalamus_5,Thalamus_6,Thalamus_7,Thalamus_8,Thalamus_9,Thalamus_10,Thalamus_11,Thalamus_12,Thalamus_13,Thalamus_14,Thalamus_15,Thalamus_16,Thalamus_17,Thalamus_18,Thalamus_19,Medulla_0,Medulla_1,Medulla_2,Medulla_3,Output_0
Input_0,0.000000,0.000000,0.000000,0.000000,0.000000,0.000000,0.000000,0.000000,0.000000,0.000000,0.000000,0.000000,0.000000,0.000000,0.000000,0.000000,0.000000,0.000000,0.000000,0.000000,0.000000,0.000000,0.000000,0.000000,0.000000,0.000000,0.000000,0.000000,0.000000,0.000000,0.000000,0.000000,0.000000,0.000000,0.000000,0.000000,0.000000,0.000000,0.000000,0.000000,0.000000,0.000000,0.000000,0.000000,0.000000,0.000000,0.000000,0.000000,0.000000,0.000000,0.000000,0.000000,0.000000,0.000000,0.000000,0.000000,0.000000,0.000000,0.000000,0.000000,0.000000,0.000000,0.000000,0.000000,0.000000,0.000000,0.000000,0.000000,0.000000,0.000000,0.000000,0.000000,0.000000,0.000000,0.000000,0.000000,0.000000,0.000000,0.000000,0.000000,0.000000,0.000000,0.000000,0.000000,0.000000,0.000000,0.000000,0.000000,0.000000,0.000000,0.000000,0.000000,0.000000,0.000000,0.000000,0.000000,0.000000,0.000000,0.000000,0.000000,0.000000,0.000000,0.000000,0.000000,0.000000,0.000000,0.000000
Adenosine_0,0.000000,0.000000,0.000000,0.000000,0.000000,0.000000,0.000000,0.000000,0.000000,0.000000,0.000000,0.000000,0.000000,0.000000,0.000000,0.000000,0.000000,0.000000,0.000000,0.000000,0.000000,0.000000,0.000000,0.000000,0.000000,0.000000,0.000000,0.000000,0.000000,0.000000,0.000000,0.000000,0.000000,0.000000,0.000000,0.000000,0.000000,0.000000,0.000000,0.000000,0.000000,0.000000,0.000000,0.000000,0.000000,0.000000,0.000000,0.000000,0.000000,0.000000,0.000000,0.000000,0.000000,0.000000,0.000000,0.000000,0.000000,0.000000,0.000000,0.000000,0.000000,0.000000,0.000000,0.000000,0.000000,0.000000,0.000000,0.000000,0.000000,0.000000,0.000000,0.000000,0.000000,0.000000,0.000000,0.000000,0.000000,0.000000,0.000000,0.000000,0.000000,0.000000,0.000000,0.000000,0.000000,0.000000,0.000000,0.000000,0.000000,0.000000,0.000000,0.000000,0.000000,0.000000,0.000000,0.000000,0.000000,0.000000,0.000000,0.000000,0.000000,0.000000,0.000000,0.000000,0.000000,0.000000,0.000000
Cortex_0,-0.024639,0.000000,0.000000,0.023859,0.110960,0.003926,0.000000,0.000000,0.061522,0.025103,0.019635,0.001302,0.106637,0.042135,0.050231,0.025078,0.063253,0.000000,0.044097,0.103672,0.042324,0.042176,-0.000000,-0.055131,-0.041384,-0.066460,-0.000000,-0.000000,-0.061771,-0.000000,-0.054351,-0.061422,-0.081359,-0.047281,-0.046636,-0.048186,-0.000000,-0.053994,-0.058562,-0.000000,-0.000000,-0.048581,0.000000,0.000000,0.000000,0.000000,0.000000,0.000000,0.000000,0.000000,0.000000,0.000000,0.000000,0.000000,0.000000,0.000000,0.000000,0.000000,0.000000,0.000000,0.000000,0.000000,0.000000,0.000000,0.000000,0.000000,0.000000,0.000000,0.000000,0.000000,0.000000,0.000000,0.000000,0.000000,0.000000,0.000000,0.000000,0.000000,0.000000,0.000000,0.000000,0.000000,0.100956,0.037650,0.066329,0.053603,0.028454,0.053562,0.019540,0.069723,0.078708,0.037453,0.000000,0.000000,0.000000,0.000000,0.000000,0.000000,0.000000,0.000000,0.000000,0.000000,0.000000,0.000000,0.000000,0.000000,0.000000
Cortex_1,0.751615,0.000000,0.169847,0.000000,0.000000,0.102788,0.000000,0.094248,0.000000,0.124948,0.049395,0.000000,0.000000,0.136617,0.101990,0.048830,0.123053,0.015135,0.013226,0.105727,0.037426,0.128835,-0.000000,-0.096154,-0.000000,-0.000000,-0.077018,-0.076488,-0.000000,-0.063786,-0.000000,-0.074743,-0.070303,-0.000000,-0.064224,-0.090241,-0.000000,-0.083800,-0.000000,-0.000000,-0.065025,-0.081116,0.000000,0.000000,0.000000,0.000000,0.000000,0.000000,0.000000,0.000000,0.000000,0.000000,0.000000,0.000000,0.000000,0.000000,0.000000,0.000000,0.000000,0.000000,0.000000,0.000000,0.000000,0.000000,0.000000,0.000000,0.000000,0.000000,0.000000,0.000000,0.000000,0.000000,0.000000,0.000000,0.000000,0.000000,0.000000,0.000000,0.000000,0.000000,0.000000,0.000000,0.062249,0.098899,0.031472,0.097683,0.090797,0.044504,0.043557,0.024749,0.000000,0.066050,0.000000,0.000000,0.000000,0.000000,0.000000,0.000000,0.000000,0.000000,0.000000,0.000000,0.000000,0.000000,0.000000,0.000000,0.000000
Cortex_2,0.973836,0.000000,0.000000,0.107955,0.000000,0.072093,0.030008,0.068888,0.041079,0.183971,0.029109,0.000000,0.115660,0.097444,0.213774,0.000000,0.000000,0.005663,0.085382,0.139565,0.157259,0.040975,-0.000000,-0.090134,-0.072993,-0.000000,-0.093140,-0.000000,-0.000000,-0.089720,-0.062062,-0.000000,-0.075715,-0.093194,-0.000000,-0.000000,-0.000000,-0.088653,-0.066794,-0.000000,-0.090674,-0.000000,0.000000,0.000000,0.000000,0.000000,0.000000,0.000000,0.000000,0.000000,0.000000,0.000000,0.000000,0.000000,0.000000,0.000000,0.000000,0.000000,0.000000,0.000000,0.000000,0.000000,0.000000,0.000000,0.000000,0.000000,0.000000,0.000000,0.000000,0.000000,0.000000,0.000000,0.000000,0.000000,0.000000,0.000000,0.000000,0.000000,0.000000,0.000000,0.000000,0.000000,0.043612,0.038146,0.031631,0.038930,0.100640,0.068019,0.056307,0.041724,0.114749,0.073986,0.000000,0.000000,0.000000,0.000000,0.000000,0.000000,0.000000,0.000000,0.000000,0.000000,0.000000,0.000000,0.000000,0.000000,0.000000
Cortex_3,0.480636,0.000000,0.131245,0.000000,0.071902,0.000000,0.034348,0.031308,0.000000,0.036272,0.205999,0.048193,0.035861,0.030298,0.050634,0.000000,0.000000,0.015815,0.122750,0.040627,0.003397,0.141541,-0.077462,-0.082109,-0.063447,-0.084183,-0.103154,-0.073632,-0.071059,-0.084814,-0.000000,-0.000000,-0.000000,-0.074326,-0.000000,-0.076510,-0.076996,-0.075700,-0.080918,-0.080023,-0.000000,-0.000000,0.000000,0.000000,0.000000,0.000000,0.000000,0.000000,0.000000,0.000000,0.000000,0.000000,0.000000,0.000000,0.000000,0.000000,0.000000,0.000000,0.000000,0.000000,0.000000,0.000000,0.000000,0.000000,0.000000,0.000000,0.000000,0.000000,0.000000,0.000000,0.000000,0.000000,0.000000,0.000000,0.000000,0.000000,0.000000,0.000000,0.000000,0.000000,0.000000,0.000000,0.022223,0.090035,0.053555,0.029829,0.097373,0.029962,0.033222,0.024421,0.100867,0.035243,0.000000,0.000000,0.000000,0.000000,0.000000,0.000000,0.000000,0.000000,0.000000,0.000000,0.000000,0.000000,0.000000,0.000000,0.000000
Cortex_4,1.442609,0.000000,0.000000,0.000000,0.000000,0.012139,0.000000,0.174917,0.022086,0.086475,0.000000,0.213003,0.117954,0.273037,0.000000,0.052916,0.068487,0.000000,0.203455,0.000000,0.108797,0.109922,-0.097826,-0.000000,-0.072506,-0.086402,-0.000000,-0.000000,-0.000000,-0.000000,-0.069230,-0.086550,-0.081834,-0.090068,-0.091368,-0.112590,-0.000000,-0.000000,-0.000000,-0.000000,-0.000000,-0.000000,0.000000,0.000000,0.000000,0.000000,0.000000,0.000000,0.000000,0.000000,0.000000,0.000000,0.000000,0.000000,0.000000,0.000000,0.000000,0.000000,0.000000,0.000000,0.000000,0.000000,0.000000,0.000000,0.000000,0.000000,0.000000,0.000000,0.000000,0.000000,0.000000,0.000000,0.000000,0.000000,0.000000,0.000000,0.000000,0.000000,0.000000,0.000000,0.000000,0.000000,0.000000,0.035599,0.032283,0.000000,0.069861,0.096743,0.037901,0.033793,0.000000,0.000000,0.000000,0.000000,0.000000,0.000000,0.000000,0.000000,0.000000,0.000000,0.000000,0.000000,0.000000,0.000000,0.000000,0.000000,0.000000
Cortex_5,0.544170,0.000000,0.000000,0.083860,0.016555,0.030646,0.043738,0.000000,0.026773,0.062367,0.083400,0.010744,0.000000,0.074540,0.000000,0.045915,0.000000,0.046959,0.000000,0.077629,0.067734,0.195122,-0.000000,-0.000000,-0.059451,-0.066639,-0.088861,-0.056827,-0.060164,-0.056346,-0.063213,-0.000000,-0.072306,-0.000000,-0.081741,-0.066055,-0.000000,-0.061320,-0.074462,-0.083984,-0.057676,-0.059387,0.000000,0.000000,0.000000,0.000000,0.000000,0.000000,0.000000,0.000000,0.000000,0.000000,0.000000,0.000000,0.000000,0.000000,0.000000,0.000000,0.000000,0.000000,0.000000,0.000000,0.000000,0.000000,0.000000,0.000000,0.000000,0.000000,0.000000,0.000000,0.000000,0.000000,0.000000,0.000000,0.000000,0.000000,0.000000,0.000000,0.000000,0.000000,0.000000,0.000000,0.047932,0.000000,0.039669,0.042055,0.071498,0.084200,0.091454,0.036230,0.047273,0.036652,0.000000,0.000000,0.000000,0.000000,0.000000,0.000000,0.000000,0.000000,0.000000,0.000000,0.000000,0.000000,0.000000,0.000000,0.000000
Cortex_6,0.931797,0.000000,0.037529,0.005473,0.043069,0.010234,0.017652,0.166243,0.000000,0.078827,0.108096,0.000000,0.000000,0.115739,0.000000,0.039345,0.008797,0.037386,0.018863,0.248224,0.072559,0.046789,-0.061336,-0.063973,-0.074861,-0.064124,-0.078149,-0.000000,-0.056344,-0.062915,-0.066479,-0.066826,-0.000000,-0.055537,-0.052145,-0.057365,-0.049209,-0.060630,-0.062986,-0.069489,-0.051757,-0.055720,0.000000,0.000000,0.000000,0.000000,0.000000,0.000000,0.000000,0.000000,0.000000,0.000000,0.000000,0.000000,0.000000,0.000000,0.000000,0.000000,0.000000,0.000000,0.000000,0.000000,0.000000,0.000000,0.000000,0.000000,0.000000,0.000000,0.000000,0.000000,0.000000,0.000000,0.000000,0.000000,0.000000,0.000000,0.000000,0.000000,0.000000,0.000000,0.000000,0.000000,0.000000,0.087651,0.053707,0.043622,0.050580,0.059063,0.024639,0.082367,0.046494,0.039159,0.000000,0.000000,0.000000,0.000000,0.000000,0.000000,0.000000,0.000000,0.000000,0.000000,0.000000,0.000000,0.000000,0.000000,0.000000
Cortex_7,1.452684,0.000000,0.189080,0.185046,0.227699,0.060042,0.166490,0.000000,0.018052,0.000000,0.007182,0.149613,0.110662,0.000000,0.012643,0.000000,0.000000,0.029484,0.087060,0.010961,0.038515,0.191820,-0.076227,-0.100057,-0.000000,-0.000000,-0.078516,-0.000000,-0.078946,-0.066234,-0.066506,-0.071954,-0.000000,-0.070275,-0.000000,-0.000000,-0.000000,-0.000000,-0.000000,-0.000000,-0.080041,-0.000000,0.000000,0.000000,0.000000,0.000000,0.000000,0.000000,0.000000,0.000000,0.000000,0.000000,0.000000,0.000000,0.000000,0.000000,0.000000,0.000000,0.000000,0.000000,0.000000,0.000000,0.000000,0.000000,0.000000,0.000000,0.000000,0.000000,0.000000,0.000000,0.000000,0.000000,0.000000,0.000000,0.000000,0.000000,0.000000,0.000000,0.000000,0.000000,0.000000,0.000000,0.000000,0.030271,0.058556,0.035860,0.049692,0.066451,0.066614,0.059307,0.000000,0.034730,0.000000,0.000000,0.000000,0.000000,0.000000,0.000000,0.000000,0.000000,0.000000,0.000000,0.000000,0.000000,0.000000,0.000000,0.000000
Cortex_8,0.028809,0.000000,0.081192,0.340987,0.117240,0.204093,0.265591,0.061952,0.084828,0.000000,0.000000,0.000000,0.048149,0.000000,0.147212,0.150904,0.129877,0.013701,0.000000,0.064025,0.105030,0.066816,-0.090923,-0.092888,-0.000000,-0.094221,-0.000000,-0.000000,-0.099682,-0.000000,-0.080444,-0.000000,-0.118583,-0.106374,-0.000000,-0.101898,-0.000000,-0.082891,-0.000000,-0.098785,-0.098264,-0.000000,0.000000,0.000000,0.000000,0.000000,0.000000,0.000000,0.000000,0.000000,0.000000,0.000000,0.000000,0.000000,0.000000,0.000000,0.000000,0.000000,0.000000,0.000000,0.000000,0.000000,0.000000,0.000000,0.000000,0.000000,0.000000,0.000000,0.000000,0.000000,0.000000,0.000000,0.000000,0.000000,0.000000,0.000000,0.000000,0.000000,0.000000,0.000000,0.000000,0.000000,0.020021,0.031253,0.039566,0.055510,0.066351,0.000000,0.016575,0.027106,0.035442,0.094411,0.000000,0.000000,0.000000,0.000000,0.000000,0.000000,0.000000,0.000000,0.000000,0.000000,0.000000,0.000000,0.000000,0.000000,0.000000
Cortex_9,0.509662,0.000000,0.040799,0.000000,0.079188,0.187674,0.006080,0.000000,0.070368,0.066523,0.182206,0.000000,0.175575,0.002609,0.000000,0.000000,0.067668,0.202737,0.046304,0.075015,0.170553,0.031202,-0.070637,-0.070259,-0.000000,-0.000000,-0.076400,-0.000000,-0.061681,-0.051473,-0.000000,-0.059078,-0.055648,-0.059852,-0.063840,-0.000000,-0.071129,-0.065922,-0.072606,-0.000000,-0.091390,-0.072585,0.000000,0.000000,0.000000,0.000000,0.000000,0.000000,0.000000,0.000000,0.000000,0.000000,0.000000,0.000000,0.000000,0.000000,0.000000,0.000000,0.000000,0.000000,0.000000,0.000000,0.000000,0.000000,0.000000,0.000000,0.000000,0.000000,0.000000,0.000000,0.000000,0.000000,0.000000,0.000000,0.000000,0.000000,0.000000,0.000000,0.000000,0.000000,0.000000,0.000000,0.028888,0.027424,0.025618,0.054038,0.056611,0.054591,0.049831,0.045467,0.066985,0.052555,0.000000,0.000000,0.000000,0.000000,0.000000,0.000000,0.000000,0.000000,0.000000,0.000000,0.000000,0.000000,0.000000,0.000000,0.000000
Cortex_10,1.604088,0.000000,0.169285,0.000000,0.000000,0.002299,0.175608,0.166735,0.031817,0.066368,0.106604,0.000000,0.000000,0.095905,0.000000,0.028305,0.000000,0.031918,0.102470,0.046590,0.095648,0.000000,-0.000000,-0.113537,-0.000000,-0.083686,-0.078337,-0.000000,-0.080790,-0.068986,-0.065532,-0.074848,-0.000000,-0.078398,-0.085503,-0.092262,-0.000000,-0.096633,-0.074886,-0.000000,-0.000000,-0.070652,0.000000,0.000000,0.000000,0.000000,0.000000,0.000000,0.000000,0.000000,0.000000,0.000000,0.000000,0.000000,0.000000,0.000000,0.000000,0.000000,0.000000,0.000000,0.000000,0.000000,0.000000,0.000000,0.000000,0.000000,0.000000,0.000000,0.000000,0.000000,0.000000,0.000000,0.000000,0.000000,0.000000,0.000000,0.000000,0.000000,0.000000,0.000000,0.000000,0.000000,0.000000,0.000000,0.000000,0.000000,0.000000,0.000000,0.000000,0.000000,0.000000,0.000000,0.000000,0.000000,0.000000,0.000000,0.000000,0.000000,0.000000,0.000000,0.000000,0.000000,0.000000,0.000000,0.000000,0.000000,0.000000
Cortex_11,0.600008,0.000000,0.000000,0.004327,0.174050,0.095523,0.008768,0.006653,0.015795,0.022242,0.000000,0.090844,0.035996,0.000000,0.000000,0.000000,0.000000,0.000000,0.069626,0.030312,0.074341,0.045692,-0.000000,-0.000000,-0.000000,-0.079541,-0.000000,-0.072208,-0.000000,-0.000000,-0.064106,-0.083337,-0.070735,-0.000000,-0.055505,-0.069049,-0.060505,-0.000000,-0.070688,-0.000000,-0.079000,-0.060807,0.000000,0.000000,0.000000,0.000000,0.000000,0.000000,0.000000,0.000000,0.000000,0.000000,0.000000,0.000000,0.000000,0.000000,0.000000,0.000000,0.000000,0.000000,0.000000,0.000000,0.000000,0.000000,0.000000,0.000000,0.000000,0.000000,0.000000,0.000000,0.000000,0.000000,0.000000,0.000000,0.000000,0.000000,0.000000,0.000000,0.000000,0.000000,0.000000,0.000000,0.000000,0.000000,0.000000,0.000000,0.000000,0.000000,0.000000,0.000000,0.000000,0.000000,0.000000,0.000000,0.000000,0.000000,0.000000,0.000000,0.000000,0.000000,0.000000,0.000000,0.000000,0.000000,0.000000,0.000000,0.000000
Cortex_12,1.092319,0.000000,0.031513,0.017730,0.000000,0.152331,0.049120,0.130477,0.049033,0.045064,0.000000,0.000000,0.016542,0.000000,0.000000,0.000000,0.118354,0.015023,0.182941,0.050854,0.053236,0.005471,-0.078079,-0.092778,-0.069077,-0.083244,-0.087669,-0.000000,-0.092362,-0.070680,-0.000000,-0.000000,-0.076400,-0.082312,-0.066965,-0.080953,-0.000000,-0.085128,-0.000000,-0.071861,-0.000000,-0.000000,0.000000,0.000000,0.000000,0.000000,0.000000,0.000000,0.000000,0.000000,0.000000,0.000000,0.000000,0.000000,0.000000,0.000000,0.000000,0.000000,0.000000,0.000000,0.000000,0.000000,0.000000,0.000000,0.000000,0.000000,0.000000,0.000000,0.000000,0.000000,0.000000,0.000000,0.000000,0.000000,0.000000,0.000000,0.000000,0.000000,0.000000,0.000000,0.000000,0.000000,0.000000,0.000000,0.000000,0.000000,0.000000,0.000000,0.000000,0.000000,0.000000,0.000000,0.000000,0.000000,0.000000,0.000000,0.000000,0.000000,0.000000,0.000000,0.000000,0.000000,0.000000,0.000000,0.000000,0.000000,0.000000
Cortex_13,0.817184,0.000000,0.015917,0.012801,0.067130,0.096423,0.000000,0.020222,0.105402,0.023700,0.031811,0.000000,0.078765,0.068421,0.039979,0.000000,0.289747,0.175984,0.000000,0.088032,0.255541,0.101641,-0.000000,-0.112048,-0.093564,-0.000000,-0.000000,-0.000000,-0.000000,-0.095965,-0.000000,-0.000000,-0.109524,-0.097803,-0.115366,-0.000000,-0.099870,-0.000000,-0.102468,-0.109081,-0.119260,-0.095556,0.000000,0.000000,0.000000,0.000000,0.000000,0.000000,0.000000,0.000000,0.000000,0.000000,0.000000,0.000000,0.000000,0.000000,0.000000,0.000000,0.000000,0.000000,0.000000,0.000000,0.000000,0.000000,0.000000,0.000000,0.000000,0.000000,0.000000,0.000000,0.000000,0.000000,0.000000,0.000000,0.000000,0.000000,0.000000,0.000000,0.000000,0.000000,0.000000,0.000000,0.000000,0.000000,0.000000,0.000000,0.000000,0.000000,0.000000,0.000000,0.000000,0.000000,0.000000,0.000000,0.000000,0.000000,0.000000,0.000000,0.000000,0.000000,0.000000,0.000000,0.000000,0.000000,0.000000,0.000000,0.000000
Cortex_14,0.271402,0.000000,0.000000,0.000489,0.000000,0.060805,0.012181,0.173084,0.000000,0.058045,0.065747,0.121494,0.000000,0.046624,0.000000,0.000000,0.000000,0.276350,0.122670,0.120643,0.009338,0.052710,-0.000000,-0.000000,-0.086846,-0.000000,-0.000000,-0.000000,-0.083178,-0.000000,-0.099802,-0.077516,-0.099579,-0.000000,-0.085229,-0.077852,-0.082663,-0.109007,-0.076596,-0.100846,-0.000000,-0.071714,0.000000,0.000000,0.000000,0.000000,0.000000,0.000000,0.000000,0.000000,0.000000,0.000000,0.000000,0.000000,0.000000,0.000000,0.000000,0.000000,0.000000,0.000000,0.000000,0.000000,0.000000,0.000000,0.000000,0.000000,0.000000,0.000000,0.000000,0.000000,0.000000,0.000000,0.000000,0.000000,0.000000,0.000000,0.000000,0.000000,0.000000,0.000000,0.000000,0.000000,0.000000,0.000000,0.000000,0.000000,0.000000,0.000000,0.000000,0.000000,0.000000,0.000000,0.000000,0.000000,0.000000,0.000000,0.000000,0.000000,0.000000,0.000000,0.000000,0.000000,0.000000,0.000000,0.000000,0.000000,0.000000
Cortex_15,2.258402,0.000000,0.000000,0.021400,0.000000,0.051965,0.000000,0.123463,0.100640,0.052656,0.054177,0.088362,0.211916,0.000000,0.035732,0.011636,0.000000,0.000000,0.000000,0.040339,0.161857,0.000000,-0.000000,-0.000000,-0.000000,-0.064900,-0.000000,-0.000000,-0.066921,-0.079191,-0.071515,-0.000000,-0.000000,-0.000000,-0.066159,-0.071613,-0.064174,-0.000000,-0.086225,-0.063050,-0.056394,-0.055540,0.000000,0.000000,0.000000,0.000000,0.000000,0.000000,0.000000,0.000000,0.000000,0.000000,0.000000,0.000000,0.000000,0.000000,0.000000,0.000000,0.000000,0.000000,0.000000,0.000000,0.000000,0.000000,0.000000,0.000000,0.000000,0.000000,0.000000,0.000000,0.000000,0.000000,0.000000,0.000000,0.000000,0.000000,0.000000,0.000000,0.000000,0.000000,0.000000,0.000000,0.000000,0.000000,0.000000,0.000000,0.000000,0.000000,0.000000,0.000000,0.000000,0.000000,0.000000,0.000000,0.000000,0.000000,0.000000,0.000000,0.000000,0.000000,0.000000,0.000000,0.000000,0.000000,0.000000,0.000000,0.000000
Cortex_16,0.489343,0.000000,0.044436,0.102689,0.003197,0.025636,0.020139,0.000000,0.007028,0.013034,0.156071,0.000000,0.043792,0.197056,0.029921,0.010541,0.000000,0.000000,0.000000,0.044083,0.000000,0.127256,-0.085666,-0.000000,-0.051677,-0.000000,-0.000000,-0.066302,-0.076302,-0.076764,-0.058465,-0.076020,-0.000000,-0.099967,-0.119789,-0.000000,-0.067434,-0.061952,-0.069908,-0.084953,-0.061588,-0.078852,0.000000,0.000000,0.000000,0.000000,0.000000,0.000000,0.000000,0.000000,0.000000,0.000000,0.000000,0.000000,0.000000,0.000000,0.000000,0.000000,0.000000,0.000000,0.000000,0.000000,0.000000,0.000000,0.000000,0.000000,0.000000,0.000000,0.000000,0.000000,0.000000,0.000000,0.000000,0.000000,0.000000,0.000000,0.000000,0.000000,0.000000,0.000000,0.000000,0.000000,0.000000,0.000000,0.000000,0.000000,0.000000,0.000000,0.000000,0.000000,0.000000,0.000000,0.000000,0.000000,0.000000,0.000000,0.000000,0.000000,0.000000,0.000000,0.000000,0.000000,0.000000,0.000000,0.000000,0.000000,0.000000
Cortex_17,-0.021511,0.000000,0.029334,0.000000,0.000000,0.000000,0.067024,0.143116,0.019424,0.183433,0.226625,0.105632,0.082847,0.054757,0.049281,0.000000,0.000000,0.137626,0.000000,0.000000,0.000000,0.035712,-0.000000,-0.096314,-0.000000,-0.106006,-0.000000,-0.083162,-0.000000,-0.069783,-0.072310,-0.084853,-0.089067,-0.082297,-0.000000,-0.111871,-0.079784,-0.000000,-0.080894,-0.076385,-0.000000,-0.078118,0.000000,0.000000,0.000000,0.000000,0.000000,0.000000,0.000000,0.000000,0.000000,0.000000,0.000000,0.000000,0.000000,0.000000,0.000000,0.000000,0.000000,0.000000,0.000000,0.000000,0.000000,0.000000,0.000000,0.000000,0.000000,0.000000,0.000000,0.000000,0.000000,0.000000,0.000000,0.000000,0.000000,0.000000,0.000000,0.000000,0.000000,0.000000,0.000000,0.000000,0.000000,0.000000,0.000000,0.000000,0.000000,0.000000,0.000000,0.000000,0.000000,0.000000,0.000000,0.000000,0.000000,0.000000,0.000000,0.000000,0.000000,0.000000,0.000000,0.000000,0.000000,0.000000,0.000000,0.000000,0.000000
Cortex_18,-0.016230,0.000000,0.000000,0.002621,0.044424,0.218146,0.210467,0.039908,0.081971,0.000000,0.000000,0.106301,0.004217,0.107655,0.098189,0.000000,0.023154,0.115939,0.007784,0.044797,0.000000,0.060501,-0.000000,-0.134490,-0.000000,-0.084436,-0.085862,-0.079705,-0.000000,-0.000000,-0.076550,-0.102147,-0.079332,-0.000000,-0.091772,-0.084766,-0.000000,-0.077597,-0.000000,-0.000000,-0.000000,-0.086172,0.000000,0.000000,0.000000,0.000000,0.000000,0.000000,0.000000,0.000000,0.000000,0.000000,0.000000,0.000000,0.000000,0.000000,0.000000,0.000000,0.000000,0.000000,0.000000,0.000000,0.000000,0.000000,0.000000,0.000000,0.000000,0.000000,0.000000,0.000000,0.000000,0.000000,0.000000,0.000000,0.000000,0.000000,0.000000,0.000000,0.000000,0.000000,0.000000,0.000000,0.000000,0.000000,0.000000,0.000000,0.000000,0.000000,0.000000,0.000000,0.000000,0.000000,0.000000,0.000000,0.000000,0.000000,0.000000,0.000000,0.000000,0.000000,0.000000,0.000000,0.000000,0.000000,0.000000,0.000000,0.000000
Cortex_19,0.680880,0.000000,0.042315,0.131071,0.033422,0.043406,0.117118,0.000000,0.159403,0.025678,0.118554,0.142121,0.011251,0.003479,0.122193,0.055276,0.000000,0.013719,0.073383,0.000000,0.070496,0.000000,-0.091881,-0.104448,-0.073076,-0.099173,-0.085732,-0.000000,-0.000000,-0.079675,-0.095324,-0.000000,-0.082319,-0.096296,-0.000000,-0.000000,-0.000000,-0.000000,-0.000000,-0.083143,-0.083431,-0.099608,0.000000,0.000000,0.000000,0.000000,0.000000,0.000000,0.000000,0.000000,0.000000,0.000000,0.000000,0.000000,0.000000,0.000000,0.000000,0.000000,0.000000,0.000000,0.000000,0.000000,0.000000,0.000000,0.000000,0.000000,0.000000,0.000000,0.000000,0.000000,0.000000,0.000000,0.000000,0.000000,0.000000,0.000000,0.000000,0.000000,0.000000,0.000000,0.000000,0.000000,0.000000,0.000000,0.000000,0.000000,0.000000,0.000000,0.000000,0.000000,0.000000,0.000000,0.000000,0.000000,0.000000,0.000000,0.000000,0.000000,0.000000,0.000000,0.000000,0.000000,0.000000,0.000000,0.000000,0.000000,0.000000
Cortex_20,1.019803,0.000000,0.026987,0.053441,0.000000,0.108528,0.081017,0.000000,0.000000,0.096160,0.061167,0.064723,0.066080,0.000000,0.061782,0.000000,0.074445,0.150624,0.086890,0.051081,0.101833,0.000000,-0.000000,-0.000000,-0.000000,-0.000000,-0.000000,-0.000000,-0.000000,-0.000000,-0.000000,-0.000000,-0.000000,-0.000000,-0.000000,-0.000000,-0.000000,-0.000000,-0.000000,-0.000000,-0.000000,-0.000000,0.000000,0.000000,0.000000,0.000000,0.000000,0.000000,0.000000,0.000000,0.000000,0.000000,0.000000,0.000000,0.000000,0.000000,0.000000,0.000000,0.000000,0.000000,0.000000,0.000000,0.000000,0.000000,0.000000,0.000000,0.000000,0.000000,0.000000,0.000000,0.000000,0.000000,0.000000,0.000000,0.000000,0.000000,0.000000,0.000000,0.000000,0.000000,0.000000,0.000000,0.001362,0.000000,0.000000,0.000000,0.000000,0.000000,0.047735,0.006866,0.000000,0.000000,0.000000,0.000000,0.000000,0.000000,0.000000,0.000000,0.000000,0.000000,0.000000,0.000000,0.000000,0.000000,0.000000,0.000000,0.000000
Cortex_21,0.807590,0.000000,0.000000,0.033228,0.051210,0.041195,0.092165,0.033620,0.034829,0.000000,0.040390,0.061979,0.000000,0.000000,0.000000,0.071181,0.000000,0.109849,0.060838,0.000000,0.037035,0.000000,-0.000000,-0.000000,-0.000000,-0.000000,-0.000000,-0.000000,-0.000000,-0.000000,-0.000000,-0.000000,-0.000000,-0.000000,-0.000000,-0.000000,-0.000000,-0.000000,-0.000000,-0.000000,-0.000000,-0.000000,0.000000,0.000000,0.000000,0.000000,0.000000,0.000000,0.000000,0.000000,0.000000,0.000000,0.000000,0.000000,0.000000,0.000000,0.000000,0.000000,0.000000,0.000000,0.000000,0.000000,0.000000,0.000000,0.000000,0.000000,0.000000,0.000000,0.000000,0.000000,0.000000,0.000000,0.000000,0.000000,0.000000,0.000000,0.000000,0.000000,0.000000,0.000000,0.000000,0.000000,0.043342,0.000000,0.000000,0.000000,0.000000,0.007539,0.023943,0.000000,0.000000,0.000000,0.000000,0.000000,0.000000,0.000000,0.000000,0.000000,0.000000,0.000000,0.000000,0.000000,0.000000,0.000000,0.000000,0.000000,0.000000
Cortex_22,1.032732,0.000000,0.000000,0.085060,0.141033,0.039441,0.085736,0.045119,0.000000,0.000000,0.094595,0.050216,0.073659,0.072638,0.000000,0.070019,0.000000,0.120694,0.000000,0.044755,0.053282,0.000000,-0.000000,-0.000000,-0.000000,-0.000000,-0.000000,-0.000000,-0.000000,-0.000000,-0.000000,-0.000000,-0.000000,-0.000000,-0.000000,-0.000000,-0.000000,-0.000000,-0.000000,-0.000000,-0.000000,-0.000000,0.000000,0.000000,0.000000,0.000000,0.000000,0.000000,0.000000,0.000000,0.000000,0.000000,0.000000,0.000000,0.000000,0.000000,0.000000,0.000000,0.000000,0.000000,0.000000,0.000000,0.000000,0.000000,0.000000,0.000000,0.000000,0.000000,0.000000,0.000000,0.000000,0.000000,0.000000,0.000000,0.000000,0.000000,0.000000,0.000000,0.000000,0.000000,0.000000,0.000000,0.040300,0.041601,0.000000,0.005067,0.084866,0.000000,0.002968,0.046690,0.043659,0.011514,0.000000,0.000000,0.000000,0.000000,0.000000,0.000000,0.000000,0.000000,0.000000,0.000000,0.000000,0.000000,0.000000,0.000000,0.000000
Cortex_23,0.974343,0.000000,0.019834,0.039259,0.058941,0.037738,0.053377,0.000000,0.042795,0.000000,0.045057,0.000000,0.079039,0.091470,0.131404,0.139380,0.096780,0.000000,0.070841,0.041678,0.064581,0.000000,-0.000000,-0.000000,-0.000000,-0.000000,-0.000000,-0.000000,-0.000000,-0.000000,-0.000000,-0.000000,-0.000000,-0.000000,-0.000000,-0.000000,-0.000000,-0.000000,-0.000000,-0.000000,-0.000000,-0.000000,0.000000,0.000000,0.000000,0.000000,0.000000,0.000000,0.000000,0.000000,0.000000,0.000000,0.000000,0.000000,0.000000,0.000000,0.000000,0.000000,0.000000,0.000000,0.000000,0.000000,0.000000,0.000000,0.000000,0.000000,0.000000,0.000000,0.000000,0.000000,0.000000,0.000000,0.000000,0.000000,0.000000,0.000000,0.000000,0.000000,0.000000,0.000000,0.000000,0.000000,0.000000,0.000000,0.005286,0.000000,0.000000,0.000000,0.000000,0.000000,0.000000,0.000000,0.000000,0.000000,0.000000,0.000000,0.000000,0.000000,0.000000,0.000000,0.000000,0.000000,0.000000,0.000000,0.000000,0.000000,0.000000
Cortex_24,1.876309,0.000000,0.012974,0.030187,0.000000,0.000000,0.000000,0.000000,0.000000,0.054982,0.034732,0.045751,0.082800,0.051212,0.053760,0.000000,0.091789,0.064945,0.106872,0.000000,0.068509,0.048246,-0.000000,-0.000000,-0.000000,-0.000000,-0.000000,-0.000000,-0.000000,-0.000000,-0.000000,-0.000000,-0.000000,-0.000000,-0.000000,-0.000000,-0.000000,-0.000000,-0.000000,-0.000000,-0.000000,-0.000000,0.000000,0.000000,0.000000,0.000000,0.000000,0.000000,0.000000,0.000000,0.000000,0.000000,0.000000,0.000000,0.000000,0.000000,0.000000,0.000000,0.000000,0.000000,0.000000,0.000000,0.000000,0.000000,0.000000,0.000000,0.000000,0.000000,0.000000,0.000000,0.000000,0.000000,0.000000,0.000000,0.000000,0.000000,0.000000,0.000000,0.000000,0.000000,0.000000,0.000000,0.000000,0.057085,0.000000,0.000000,0.000000,0.000000,0.000000,0.006270,0.000000,0.007590,0.000000,0.000000,0.000000,0.000000,0.000000,0.000000,0.000000,0.000000,0.000000,0.000000,0.000000,0.000000,0.000000,0.000000,0.000000
Cortex_25,0.238182,0.000000,0.022868,0.075732,0.052317,0.026634,0.000000,0.000000,0.052048,0.040525,0.029778,0.000000,0.000000,0.000000,0.055402,0.062052,0.000000,0.061691,0.098229,0.094422,0.059382,0.058573,-0.000000,-0.000000,-0.006472,-0.000000,-0.000000,-0.000000,-0.000000,-0.000000,-0.004266,-0.000000,-0.000000,-0.000000,-0.000000,-0.000000,-0.000000,-0.000000,-0.000000,-0.001633,-0.000000,-0.000000,0.000000,0.000000,0.000000,0.000000,0.000000,0.000000,0.000000,0.000000,0.000000,0.000000,0.000000,0.000000,0.000000,0.000000,0.000000,0.000000,0.000000,0.000000,0.000000,0.000000,0.000000,0.000000,0.000000,0.000000,0.000000,0.000000,0.000000,0.000000,0.000000,0.000000,0.000000,0.000000,0.000000,0.000000,0.000000,0.000000,0.000000,0.000000,0.000000,0.000000,0.000000,0.000000,0.000000,0.009836,0.007391,0.000000,0.000000,0.000000,0.000000,0.000000,0.000000,0.000000,0.000000,0.000000,0.000000,0.000000,0.000000,0.000000,0.000000,0.000000,0.000000,0.000000,0.000000,0.000000,0.000000
Cortex_26,2.398702,0.000000,0.021663,0.044614,0.085171,0.059162,0.000000,0.029576,0.044261,0.045161,0.095355,0.038528,0.075209,0.068197,0.000000,0.062731,0.053591,0.073573,0.082471,0.034296,0.000000,0.077149,-0.000000,-0.000000,-0.000000,-0.000000,-0.000000,-0.000000,-0.000000,-0.000000,-0.000000,-0.000000,-0.000000,-0.000000,-0.000000,-0.000000,-0.000000,-0.000000,-0.000000,-0.000000,-0.000000,-0.000000,0.000000,0.000000,0.000000,0.000000,0.000000,0.000000,0.000000,0.000000,0.000000,0.000000,0.000000,0.000000,0.000000,0.000000,0.000000,0.000000,0.000000,0.000000,0.000000,0.000000,0.000000,0.000000,0.000000,0.000000,0.000000,0.000000,0.000000,0.000000,0.000000,0.000000,0.000000,0.000000,0.000000,0.000000,0.000000,0.000000,0.000000,0.000000,0.000000,0.000000,0.000000,0.012397,0.000000,0.000000,0.000000,0.000000,0.000000,0.000000,0.010369,0.000000,0.000000,0.000000,0.000000,0.000000,0.000000,0.000000,0.000000,0.000000,0.000000,0.000000,0.000000,0.000000,0.000000,0.000000,0.000000
Cortex_27,0.455199,0.000000,0.061249,0.092955,0.103638,0.122872,0.061313,0.049032,0.000000,0.000000,0.098267,0.060061,0.000000,0.108322,0.085875,0.076996,0.000000,0.082154,0.000000,0.077221,0.050021,0.062953,-0.000000,-0.000000,-0.000000,-0.000000,-0.000000,-0.000000,-0.000000,-0.000000,-0.000000,-0.000000,-0.000000,-0.000000,-0.000000,-0.000000,-0.000000,-0.000000,-0.000000,-0.000000,-0.000000,-0.000000,0.000000,0.000000,0.000000,0.000000,0.000000,0.000000,0.000000,0.000000,0.000000,0.000000,0.000000,0.000000,0.000000,0.000000,0.000000,0.000000,0.000000,0.000000,0.000000,0.000000,0.000000,0.000000,0.000000,0.000000,0.000000,0.000000,0.000000,0.000000,0.000000,0.000000,0.000000,0.000000,0.000000,0.000000,0.000000,0.000000,0.000000,0.000000,0.000000,0.000000,0.000000,0.018488,0.000000,0.000000,0.000000,0.014764,0.053471,0.000000,0.000000,0.000000,0.000000,0.000000,0.000000,0.000000,0.000000,0.000000,0.000000,0.000000,0.000000,0.000000,0.000000,0.000000,0.000000,0.000000,0.000000
Cortex_28,0.408562,0.000000,0.078636,0.111103,0.091938,0.000000,0.088479,0.079223,0.054658,0.079301,0.066920,0.084082,0.000000,0.111720,0.149453,0.000000,0.079846,0.075874,0.095473,0.110723,0.103251,0.073327,-0.000000,-0.000000,-0.000000,-0.000000,-0.000000,-0.000000,-0.000000,-0.000000,-0.000000,-0.000000,-0.000000,-0.000000,-0.000000,-0.000000,-0.000000,-0.000000,-0.000000,-0.000000,-0.000000,-0.000000,0.000000,0.000000,0.000000,0.000000,0.000000,0.000000,0.000000,0.000000,0.000000,0.000000,0.000000,0.000000,0.000000,0.000000,0.000000,0.000000,0.000000,0.000000,0.000000,0.000000,0.000000,0.000000,0.000000,0.000000,0.000000,0.000000,0.000000,0.000000,0.000000,0.000000,0.000000,0.000000,0.000000,0.000000,0.000000,0.000000,0.000000,0.000000,0.000000,0.000000,0.010763,0.086289,0.000000,0.014973,0.000000,0.000000,0.000000,0.000000,0.036155,0.000000,0.000000,0.000000,0.000000,0.000000,0.000000,0.000000,0.000000,0.000000,0.000000,0.000000,0.000000,0.000000,0.000000,0.000000,0.000000
Cortex_29,0.490606,0.000000,0.021664,0.043155,0.040854,0.000000,0.056454,0.024987,0.036217,0.046585,0.000000,0.059434,0.081112,0.087600,0.000000,0.077589,0.000000,0.103773,0.000000,0.025952,0.052366,0.000000,-0.000000,-0.000000,-0.000000,-0.000000,-0.000000,-0.000000,-0.000000,-0.000000,-0.000000,-0.000000,-0.000000,-0.000000,-0.000000,-0.000000,-0.000000,-0.000000,-0.000000,-0.000000,-0.000000,-0.000000,0.000000,0.000000,0.000000,0.000000,0.000000,0.000000,0.000000,0.000000,0.000000,0.000000,0.000000,0.000000,0.000000,0.000000,0.000000,0.000000,0.000000,0.000000,0.000000,0.000000,0.000000,0.000000,0.000000,0.000000,0.000000,0.000000,0.000000,0.000000,0.000000,0.000000,0.000000,0.000000,0.000000,0.000000,0.000000,0.000000,0.000000,0.000000,0.000000,0.000000,0.000000,0.000000,0.013340,0.000000,0.000000,0.000000,0.000000,0.000000,0.000000,0.004425,0.000000,0.000000,0.000000,0.000000,0.000000,0.000000,0.000000,0.000000,0.000000,0.000000,0.000000,0.000000,0.000000,0.000000,0.000000
Cortex_30,0.934139,0.000000,0.052142,0.052051,0.079976,0.047520,0.076750,0.062217,0.034043,0.060738,0.056149,0.000000,0.000000,0.068871,0.078739,0.084970,0.080316,0.112060,0.000000,0.063263,0.000000,0.089165,-0.000000,-0.000000,-0.000000,-0.000000,-0.000000,-0.000000,-0.000000,-0.000000,-0.000000,-0.000000,-0.000000,-0.000000,-0.000000,-0.000000,-0.000000,-0.000000,-0.000000,-0.000000,-0.000000,-0.000000,0.000000,0.000000,0.000000,0.000000,0.000000,0.000000,0.000000,0.000000,0.000000,0.000000,0.000000,0.000000,0.000000,0.000000,0.000000,0.000000,0.000000,0.000000,0.000000,0.000000,0.000000,0.000000,0.000000,0.000000,0.000000,0.000000,0.000000,0.000000,0.000000,0.000000,0.000000,0.000000,0.000000,0.000000,0.000000,0.000000,0.000000,0.000000,0.000000,0.000000,0.046098,0.020065,0.000000,0.025888,0.000000,0.000000,0.000243,0.000000,0.000000,0.000000,0.000000,0.000000,0.000000,0.000000,0.000000,0.000000,0.000000,0.000000,0.000000,0.000000,0.000000,0.000000,0.000000,0.000000,0.000000
Cortex_31,1.169031,0.000000,0.047027,0.137776,0.069952,0.069832,0.000000,0.047556,0.095233,0.076797,0.088252,0.121578,0.088560,0.082591,0.140063,0.146535,0.071839,0.139383,0.115063,0.056642,0.068445,0.085263,-0.000000,-0.000000,-0.000000,-0.000000,-0.000000,-0.000000,-0.000000,-0.000000,-0.000000,-0.000000,-0.000000,-0.000000,-0.000000,-0.000000,-0.000000,-0.000000,-0.000000,-0.000000,-0.000000,-0.000000,0.000000,0.000000,0.000000,0.000000,0.000000,0.000000,0.000000,0.000000,0.000000,0.000000,0.000000,0.000000,0.000000,0.000000,0.000000,0.000000,0.000000,0.000000,0.000000,0.000000,0.000000,0.000000,0.000000,0.000000,0.000000,0.000000,0.000000,0.000000,0.000000,0.000000,0.000000,0.000000,0.000000,0.000000,0.000000,0.000000,0.000000,0.000000,0.000000,0.000000,0.019060,0.000000,0.000000,0.014670,0.000000,0.000000,0.036833,0.000000,0.000000,0.000000,0.000000,0.000000,0.000000,0.000000,0.000000,0.000000,0.000000,0.000000,0.000000,0.000000,0.000000,0.000000,0.000000,0.000000,0.000000
Cortex_32,2.499920,0.000000,0.058485,0.081971,0.053214,0.052308,0.065257,0.066325,0.107918,0.068293,0.059558,0.064346,0.000000,0.000000,0.090940,0.065766,0.088365,0.149121,0.139064,0.000000,0.066946,0.068501,-0.000000,-0.000000,-0.000000,-0.000000,-0.000000,-0.000000,-0.000000,-0.000000,-0.000000,-0.000000,-0.000000,-0.000000,-0.000000,-0.000000,-0.000000,-0.000000,-0.000000,-0.000000,-0.000000,-0.000000,0.000000,0.000000,0.000000,0.000000,0.000000,0.000000,0.000000,0.000000,0.000000,0.000000,0.000000,0.000000,0.000000,0.000000,0.000000,0.000000,0.000000,0.000000,0.000000,0.000000,0.000000,0.000000,0.000000,0.000000,0.000000,0.000000,0.000000,0.000000,0.000000,0.000000,0.000000,0.000000,0.000000,0.000000,0.000000,0.000000,0.000000,0.000000,0.000000,0.000000,0.058291,0.019718,0.000000,0.000000,0.000000,0.000000,0.000000,0.000000,0.018964,0.010142,0.000000,0.000000,0.000000,0.000000,0.000000,0.000000,0.000000,0.000000,0.000000,0.000000,0.000000,0.000000,0.000000,0.000000,0.000000
Cortex_33,0.743708,0.000000,0.079654,0.056156,0.081701,0.046438,0.139813,0.040911,0.044484,0.000000,0.060816,0.063927,0.160816,0.082590,0.064261,0.105484,0.104537,0.079417,0.123174,0.000000,0.069702,0.063947,-0.000000,-0.000000,-0.000000,-0.000000,-0.000000,-0.000000,-0.000000,-0.000000,-0.000000,-0.000000,-0.000000,-0.000000,-0.000000,-0.000000,-0.000000,-0.000000,-0.000000,-0.000000,-0.000000,-0.000000,0.000000,0.000000,0.000000,0.000000,0.000000,0.000000,0.000000,0.000000,0.000000,0.000000,0.000000,0.000000,0.000000,0.000000,0.000000,0.000000,0.000000,0.000000,0.000000,0.000000,0.000000,0.000000,0.000000,0.000000,0.000000,0.000000,0.000000,0.000000,0.000000,0.000000,0.000000,0.000000,0.000000,0.000000,0.000000,0.000000,0.000000,0.000000,0.000000,0.000000,0.029131,0.016416,0.000000,0.000000,0.000000,0.000000,0.000000,0.000000,0.000000,0.000000,0.000000,0.000000,0.000000,0.000000,0.000000,0.000000,0.000000,0.000000,0.000000,0.000000,0.000000,0.000000,0.000000,0.000000,0.000000
Cortex_34,1.473409,0.000000,0.000000,0.000000,0.000000,0.045709,0.039176,0.035912,0.055042,0.075778,0.057392,0.046629,0.059553,0.065028,0.063030,0.000000,0.049409,0.086440,0.000000,0.043426,0.000000,0.000000,-0.000000,-0.000000,-0.000000,-0.000000,-0.000000,-0.000000,-0.000000,-0.000000,-0.000000,-0.000000,-0.000000,-0.000000,-0.000000,-0.000000,-0.000000,-0.000000,-0.000000,-0.000000,-0.000000,-0.000000,0.000000,0.000000,0.000000,0.000000,0.000000,0.000000,0.000000,0.000000,0.000000,0.000000,0.000000,0.000000,0.000000,0.000000,0.000000,0.000000,0.000000,0.000000,0.000000,0.000000,0.000000,0.000000,0.000000,0.000000,0.000000,0.000000,0.000000,0.000000,0.000000,0.000000,0.000000,0.000000,0.000000,0.000000,0.000000,0.000000,0.000000,0.000000,0.000000,0.000000,0.000000,0.013660,0.000000,0.000000,0.000000,0.056649,0.032936,0.000000,0.000000,0.001586,0.000000,0.000000,0.000000,0.000000,0.000000,0.000000,0.000000,0.000000,0.000000,0.000000,0.000000,0.000000,0.000000,0.000000,0.000000
Cortex_35,0.831987,0.000000,0.034036,0.000000,0.000000,0.040086,0.000000,0.059091,0.061582,0.000000,0.049315,0.060721,0.048093,0.057499,0.062377,0.000000,0.000000,0.087650,0.000000,0.068093,0.052088,0.087366,-0.000000,-0.000000,-0.000000,-0.000000,-0.000000,-0.000000,-0.000000,-0.000000,-0.000000,-0.000000,-0.000000,-0.000000,-0.000000,-0.000000,-0.000000,-0.000000,-0.000000,-0.000000,-0.000000,-0.000000,0.000000,0.000000,0.000000,0.000000,0.000000,0.000000,0.000000,0.000000,0.000000,0.000000,0.000000,0.000000,0.000000,0.000000,0.000000,0.000000,0.000000,0.000000,0.000000,0.000000,0.000000,0.000000,0.000000,0.000000,0.000000,0.000000,0.000000,0.000000,0.000000,0.000000,0.000000,0.000000,0.000000,0.000000,0.000000,0.000000,0.000000,0.000000,0.000000,0.000000,0.000000,0.000000,0.000000,0.000000,0.000000,0.000000,0.034452,0.000000,0.000000,0.028600,0.000000,0.000000,0.000000,0.000000,0.000000,0.000000,0.000000,0.000000,0.000000,0.000000,0.000000,0.000000,0.000000,0.000000,0.000000
Cortex_36,1.536571,0.000000,0.044529,0.071829,0.045007,0.000000,0.064079,0.000000,0.064195,0.059019,0.064764,0.036418,0.048689,0.000000,0.048128,0.060394,0.000000,0.062840,0.080642,0.056941,0.041523,0.000000,-0.000000,-0.000000,-0.000000,-0.000000,-0.000000,-0.000000,-0.000000,-0.000000,-0.000000,-0.000000,-0.000000,-0.000000,-0.000000,-0.000000,-0.000000,-0.000000,-0.000000,-0.000000,-0.000000,-0.000000,0.000000,0.000000,0.000000,0.000000,0.000000,0.000000,0.000000,0.000000,0.000000,0.000000,0.000000,0.000000,0.000000,0.000000,0.000000,0.000000,0.000000,0.000000,0.000000,0.000000,0.000000,0.000000,0.000000,0.000000,0.000000,0.000000,0.000000,0.000000,0.000000,0.000000,0.000000,0.000000,0.000000,0.000000,0.000000,0.000000,0.000000,0.000000,0.000000,0.000000,0.000000,0.000000,0.008948,0.000000,0.014772,0.000000,0.011910,0.005902,0.000000,0.023015,0.000000,0.000000,0.000000,0.000000,0.000000,0.000000,0.000000,0.000000,0.000000,0.000000,0.000000,0.000000,0.000000,0.000000,0.000000
Cortex_37,1.192041,0.000000,0.029736,0.079066,0.044799,0.000000,0.000000,0.058791,0.000000,0.104419,0.075971,0.047441,0.064851,0.058954,0.097061,0.065804,0.078069,0.073726,0.125430,0.047357,0.052904,0.000000,-0.000000,-0.000000,-0.000000,-0.000000,-0.000000,-0.000000,-0.000000,-0.000000,-0.000000,-0.000000,-0.000000,-0.000000,-0.000000,-0.000000,-0.000000,-0.000000,-0.000000,-0.000000,-0.000000,-0.000000,0.000000,0.000000,0.000000,0.000000,0.000000,0.000000,0.000000,0.000000,0.000000,0.000000,0.000000,0.000000,0.000000,0.000000,0.000000,0.000000,0.000000,0.000000,0.000000,0.000000,0.000000,0.000000,0.000000,0.000000,0.000000,0.000000,0.000000,0.000000,0.000000,0.000000,0.000000,0.000000,0.000000,0.000000,0.000000,0.000000,0.000000,0.000000,0.000000,0.000000,0.000000,0.000000,0.000000,0.000000,0.043919,0.000000,0.039606,0.003395,0.000000,0.000000,0.000000,0.000000,0.000000,0.000000,0.000000,0.000000,0.000000,0.000000,0.000000,0.000000,0.000000,0.000000,0.000000,0.000000,0.000000
Cortex_38,1.837837,0.000000,0.064119,0.055415,0.075543,0.047605,0.000000,0.065938,0.060573,0.058514,0.063843,0.085339,0.067538,0.102345,0.073857,0.090781,0.084184,0.159887,0.088720,0.070854,0.000000,0.067977,-0.000000,-0.000000,-0.000000,-0.000000,-0.000000,-0.000000,-0.000000,-0.000000,-0.000000,-0.000000,-0.000000,-0.000000,-0.000000,-0.000000,-0.000000,-0.000000,-0.000000,-0.000000,-0.000000,-0.000000,0.000000,0.000000,0.000000,0.000000,0.000000,0.000000,0.000000,0.000000,0.000000,0.000000,0.000000,0.000000,0.000000,0.000000,0.000000,0.000000,0.000000,0.000000,0.000000,0.000000,0.000000,0.000000,0.000000,0.000000,0.000000,0.000000,0.000000,0.000000,0.000000,0.000000,0.000000,0.000000,0.000000,0.000000,0.000000,0.000000,0.000000,0.000000,0.000000,0.000000,0.012311,0.000000,0.000000,0.003776,0.000000,0.006808,0.018271,0.027368,0.010756,0.033420,0.000000,0.000000,0.000000,0.000000,0.000000,0.000000,0.000000,0.000000,0.000000,0.000000,0.000000,0.000000,0.000000,0.000000,0.000000
Cortex_39,1.412047,0.000000,0.067823,0.070256,0.044232,0.000000,0.000000,0.064196,0.052429,0.052400,0.099183,0.000000,0.091044,0.099382,0.070563,0.117393,0.074671,0.074537,0.082100,0.056811,0.050944,0.107026,-0.000000,-0.000000,-0.000000,-0.000000,-0.000000,-0.000000,-0.000000,-0.000000,-0.000000,-0.000000,-0.000000,-0.000000,-0.000000,-0.000000,-0.000000,-0.000000,-0.000000,-0.000000,-0.000000,-0.000000,0.000000,0.000000,0.000000,0.000000,0.000000,0.000000,0.000000,0.000000,0.000000,0.000000,0.000000,0.000000,0.000000,0.000000,0.000000,0.000000,0.000000,0.000000,0.000000,0.000000,0.000000,0.000000,0.000000,0.000000,0.000000,0.000000,0.000000,0.000000,0.000000,0.000000,0.000000,0.000000,0.000000,0.000000,0.000000,0.000000,0.000000,0.000000,0.000000,0.000000,0.001079,0.014630,0.001076,0.000000,0.020217,0.056828,0.000000,0.000000,0.000000,0.000000,0.000000,0.000000,0.000000,0.000000,0.000000,0.000000,0.000000,0.000000,0.000000,0.000000,0.000000,0.000000,0.000000,0.000000,0.000000
D1_0,0.000000,-0.076136,0.199362,0.181267,0.232559,0.239557,0.174149,0.271587,0.348305,0.235080,0.295424,0.175379,0.000000,0.000000,0.000000,0.000000,0.000000,0.000000,0.000000,0.000000,0.000000,0.000000,0.000000,0.000000,0.000000,0.000000,0.000000,0.000000,0.000000,0.000000,0.000000,0.000000,0.000000,0.000000,0.000000,0.000000,0.000000,0.000000,0.000000,0.000000,0.000000,0.000000,-0.182298,-0.029622,-0.000000,-0.187192,-0.000000,-0.044947,-0.140612,-0.032173,-0.011272,-0.014058,-0.001161,-0.016933,-0.010422,-0.015666,-0.058483,-0.054482,-0.017537,-0.059075,-0.000000,-0.000000,0.202248,0.202248,0.202248,0.202248,0.202248,0.202248,0.000000,0.000000,0.000000,0.000000,0.000000,0.000000,0.000000,0.000000,0.000000,0.000000,0.000000,0.000000,0.000000,0.000000,0.000000,0.000000,0.000000,0.000000,0.000000,0.000000,0.000000,0.000000,0.000000,0.000000,0.000000,0.000000,0.000000,0.000000,0.000000,0.000000,0.000000,0.000000,0.000000,0.000000,0.000000,0.000000,0.000000,0.000000,0.000000
D1_1,0.000000,-0.076136,0.248671,0.330291,0.205645,0.379778,0.201566,0.295609,0.254738,0.198880,0.287563,0.385448,0.000000,0.000000,0.000000,0.000000,0.000000,0.000000,0.000000,0.000000,0.000000,0.000000,0.000000,0.000000,0.000000,0.000000,0.000000,0.000000,0.000000,0.000000,0.000000,0.000000,0.000000,0.000000,0.000000,0.000000,0.000000,0.000000,0.000000,0.000000,0.000000,0.000000,-0.000000,-0.039523,-0.083833,-0.026108,-0.060026,-0.119324,-0.065403,-0.085943,-0.045059,-0.000000,-0.036288,-0.026618,-0.000000,-0.000000,-0.031059,-0.000000,-0.003862,-0.021572,-0.000000,-0.044688,0.202248,0.202248,0.202248,0.202248,0.202248,0.202248,0.000000,0.000000,0.000000,0.000000,0.000000,0.000000,0.000000,0.000000,0.000000,0.000000,0.000000,0.000000,0.000000,0.000000,0.000000,0.000000,0.000000,0.000000,0.000000,0.000000,0.000000,0.000000,0.000000,0.000000,0.000000,0.000000,0.000000,0.000000,0.000000,0.000000,0.000000,0.000000,0.000000,0.000000,0.000000,0.000000,0.000000,0.000000,0.000000
D1_2,0.000000,-0.076136,0.249054,0.201989,0.244013,0.170200,0.238914,0.180539,0.408517,0.278120,0.207353,0.332761,0.000000,0.000000,0.000000,0.000000,0.000000,0.000000,0.000000,0.000000,0.000000,0.000000,0.000000,0.000000,0.000000,0.000000,0.000000,0.000000,0.000000,0.000000,0.000000,0.000000,0.000000,0.000000,0.000000,0.000000,0.000000,0.000000,0.000000,0.000000,0.000000,0.000000,-0.000000,-0.112582,-0.052528,-0.062200,-0.000000,-0.107007,-0.082441,-0.073663,-0.132648,-0.015674,-0.000000,-0.000000,-0.000000,-0.004470,-0.019450,-0.025143,-0.008688,-0.079645,-0.000000,-0.000000,0.202248,0.202248,0.202248,0.202248,0.202248,0.202248,0.000000,0.000000,0.000000,0.000000,0.000000,0.000000,0.000000,0.000000,0.000000,0.000000,0.000000,0.000000,0.000000,0.000000,0.000000,0.000000,0.000000,0.000000,0.000000,0.000000,0.000000,0.000000,0.000000,0.000000,0.000000,0.000000,0.000000,0.000000,0.000000,0.000000,0.000000,0.000000,0.000000,0.000000,0.000000,0.000000,0.000000,0.000000,0.000000
D1_3,0.000000,-0.076136,0.349889,0.179221,0.282401,0.292311,0.185734,0.234189,0.196518,0.270230,0.278441,0.180197,0.000000,0.000000,0.000000,0.000000,0.000000,0.000000,0.000000,0.000000,0.000000,0.000000,0.000000,0.000000,0.000000,0.000000,0.000000,0.000000,0.000000,0.000000,0.000000,0.000000,0.000000,0.000000,0.000000,0.000000,0.000000,0.000000,0.000000,0.000000,0.000000,0.000000,-0.024193,-0.111176,-0.000000,-0.185028,-0.000000,-0.085675,-0.093028,-0.085907,-0.090329,-0.021140,-0.014664,-0.033623,-0.037998,-0.000000,-0.019735,-0.000000,-0.000000,-0.030005,-0.003532,-0.001187,0.202248,0.202248,0.202248,0.202248,0.202248,0.202248,0.000000,0.000000,0.000000,0.000000,0.000000,0.000000,0.000000,0.000000,0.000000,0.000000,0.000000,0.000000,0.000000,0.000000,0.000000,0.000000,0.000000,0.000000,0.000000,0.000000,0.000000,0.000000,0.000000,0.000000,0.000000,0.000000,0.000000,0.000000,0.000000,0.000000,0.000000,0.000000,0.000000,0.000000,0.000000,0.000000,0.000000,0.000000,0.000000
D1_4,0.000000,-0.076136,0.267565,0.176428,0.212933,0.248371,0.169411,0.260323,0.268690,0.178356,0.201618,0.241810,0.000000,0.000000,0.000000,0.000000,0.000000,0.000000,0.000000,0.000000,0.000000,0.000000,0.000000,0.000000,0.000000,0.000000,0.000000,0.000000,0.000000,0.000000,0.000000,0.000000,0.000000,0.000000,0.000000,0.000000,0.000000,0.000000,0.000000,0.000000,0.000000,0.000000,-0.068550,-0.118804,-0.086160,-0.145828,-0.046231,-0.000000,-0.046549,-0.062248,-0.015213,-0.000000,-0.020822,-0.048253,-0.000000,-0.022551,-0.045727,-0.009896,-0.032135,-0.041786,-0.036721,-0.047517,0.202248,0.202248,0.202248,0.202248,0.202248,0.202248,0.000000,0.000000,0.000000,0.000000,0.000000,0.000000,0.000000,0.000000,0.000000,0.000000,0.000000,0.000000,0.000000,0.000000,0.000000,0.000000,0.000000,0.000000,0.000000,0.000000,0.000000,0.000000,0.000000,0.000000,0.000000,0.000000,0.000000,0.000000,0.000000,0.000000,0.000000,0.000000,0.000000,0.000000,0.000000,0.000000,0.000000,0.000000,0.000000
D1_5,0.000000,-0.076136,0.200839,0.305441,0.306003,0.197588,0.324106,0.254504,0.204430,0.160574,0.188471,0.306106,0.000000,0.000000,0.000000,0.000000,0.000000,0.000000,0.000000,0.000000,0.000000,0.000000,0.000000,0.000000,0.000000,0.000000,0.000000,0.000000,0.000000,0.000000,0.000000,0.000000,0.000000,0.000000,0.000000,0.000000,0.000000,0.000000,0.000000,0.000000,0.000000,0.000000,-0.048909,-0.016436,-0.234034,-0.023871,-0.113006,-0.120971,-0.210299,-0.220014,-0.063401,-0.153816,-0.020997,-0.081477,-0.033123,-0.000000,-0.022992,-0.010077,-0.076766,-0.010816,-0.019635,-0.077238,0.202248,0.202248,0.202248,0.202248,0.202248,0.202248,0.000000,0.000000,0.000000,0.000000,0.000000,0.000000,0.000000,0.000000,0.000000,0.000000,0.000000,0.000000,0.000000,0.000000,0.000000,0.000000,0.000000,0.000000,0.000000,0.000000,0.000000,0.000000,0.000000,0.000000,0.000000,0.000000,0.000000,0.000000,0.000000,0.000000,0.000000,0.000000,0.000000,0.000000,0.000000,0.000000,0.000000,0.000000,0.000000
D1_6,0.000000,-0.076136,0.202909,0.195387,0.277187,0.327803,0.197954,0.241617,0.232355,0.315944,0.319205,0.186975,0.000000,0.000000,0.000000,0.000000,0.000000,0.000000,0.000000,0.000000,0.000000,0.000000,0.000000,0.000000,0.000000,0.000000,0.000000,0.000000,0.000000,0.000000,0.000000,0.000000,0.000000,0.000000,0.000000,0.000000,0.000000,0.000000,0.000000,0.000000,0.000000,0.000000,-0.063492,-0.099085,-0.127679,-0.067952,-0.071737,-0.162745,-0.026374,-0.068060,-0.030184,-0.023542,-0.028840,-0.000000,-0.000000,-0.018668,-0.038597,-0.002068,-0.000000,-0.031729,-0.023529,-0.053322,0.202248,0.202248,0.202248,0.202248,0.202248,0.202248,0.000000,0.000000,0.000000,0.000000,0.000000,0.000000,0.000000,0.000000,0.000000,0.000000,0.000000,0.000000,0.000000,0.000000,0.000000,0.000000,0.000000,0.000000,0.000000,0.000000,0.000000,0.000000,0.000000,0.000000,0.000000,0.000000,0.000000,0.000000,0.000000,0.000000,0.000000,0.000000,0.000000,0.000000,0.000000,0.000000,0.000000,0.000000,0.000000
D1_7,0.000000,-0.076136,0.217149,0.199092,0.240006,0.302947,0.201000,0.229394,0.180208,0.224083,0.323629,0.254008,0.000000,0.000000,0.000000,0.000000,0.000000,0.000000,0.000000,0.000000,0.000000,0.000000,0.000000,0.000000,0.000000,0.000000,0.000000,0.000000,0.000000,0.000000,0.000000,0.000000,0.000000,0.000000,0.000000,0.000000,0.000000,0.000000,0.000000,0.000000,0.000000,0.000000,-0.000000,-0.257813,-0.000000,-0.145379,-0.000000,-0.232494,-0.069434,-0.014848,-0.076468,-0.074276,-0.000000,-0.003784,-0.065194,-0.031062,-0.033904,-0.012849,-0.019533,-0.020695,-0.029111,-0.007039,0.202248,0.202248,0.202248,0.202248,0.202248,0.202248,0.000000,0.000000,0.000000,0.000000,0.000000,0.000000,0.000000,0.000000,0.000000,0.000000,0.000000,0.000000,0.000000,0.000000,0.000000,0.000000,0.000000,0.000000,0.000000,0.000000,0.000000,0.000000,0.000000,0.000000,0.000000,0.000000,0.000000,0.000000,0.000000,0.000000,0.000000,0.000000,0.000000,0.000000,0.000000,0.000000,0.000000,0.000000,0.000000
D1_8,0.000000,-0.076136,0.310874,0.313188,0.312050,0.245838,0.184134,0.173427,0.203255,0.166581,0.237775,0.273158,0.000000,0.000000,0.000000,0.000000,0.000000,0.000000,0.000000,0.000000,0.000000,0.000000,0.000000,0.000000,0.000000,0.000000,0.000000,0.000000,0.000000,0.000000,0.000000,0.000000,0.000000,0.000000,0.000000,0.000000,0.000000,0.000000,0.000000,0.000000,0.000000,0.000000,-0.069378,-0.071504,-0.013864,-0.043382,-0.000000,-0.203210,-0.023796,-0.020958,-0.022113,-0.037637,-0.045210,-0.000000,-0.030014,-0.034334,-0.000000,-0.082900,-0.032389,-0.000000,-0.067325,-0.000000,0.202248,0.202248,0.202248,0.202248,0.202248,0.202248,0.000000,0.000000,0.000000,0.000000,0.000000,0.000000,0.000000,0.000000,0.000000,0.000000,0.000000,0.000000,0.000000,0.000000,0.000000,0.000000,0.000000,0.000000,0.000000,0.000000,0.000000,0.000000,0.000000,0.000000,0.000000,0.000000,0.000000,0.000000,0.000000,0.000000,0.000000,0.000000,0.000000,0.000000,0.000000,0.000000,0.000000,0.000000,0.000000
D1_9,0.000000,-0.076136,0.241653,0.274976,0.177609,0.301460,0.200489,0.186067,0.265544,0.221548,0.215664,0.188876,0.000000,0.000000,0.000000,0.000000,0.000000,0.000000,0.000000,0.000000,0.000000,0.000000,0.000000,0.000000,0.000000,0.000000,0.000000,0.000000,0.000000,0.000000,0.000000,0.000000,0.000000,0.000000,0.000000,0.000000,0.000000,0.000000,0.000000,0.000000,0.000000,0.000000,-0.122038,-0.072276,-0.032629,-0.223671,-0.000000,-0.056572,-0.115924,-0.000000,-0.021907,-0.069039,-0.000000,-0.041644,-0.089008,-0.027869,-0.026515,-0.040784,-0.045972,-0.027163,-0.015668,-0.044030,0.202248,0.202248,0.202248,0.202248,0.202248,0.202248,0.000000,0.000000,0.000000,0.000000,0.000000,0.000000,0.000000,0.000000,0.000000,0.000000,0.000000,0.000000,0.000000,0.000000,0.000000,0.000000,0.000000,0.000000,0.000000,0.000000,0.000000,0.000000,0.000000,0.000000,0.000000,0.000000,0.000000,0.000000,0.000000,0.000000,0.000000,0.000000,0.000000,0.000000,0.000000,0.000000,0.000000,0.000000,0.000000
D2_0,0.000000,0.176374,0.308106,0.174074,0.184700,0.160444,0.272295,0.222558,0.254797,0.198143,0.220582,0.261674,0.000000,0.000000,0.000000,0.000000,0.000000,0.000000,0.000000,0.000000,0.000000,0.000000,0.000000,0.000000,0.000000,0.000000,0.000000,0.000000,0.000000,0.000000,0.000000,0.000000,0.000000,0.000000,0.000000,0.000000,0.000000,0.000000,0.000000,0.000000,0.000000,0.000000,-0.084469,-0.076440,-0.038532,-0.064641,-0.075151,-0.043419,-0.086250,-0.057181,-0.055790,-0.025945,-0.032752,-0.027195,-0.157285,-0.150067,-0.048584,-0.047381,-0.020993,-0.085251,-0.193912,-0.093397,-0.048213,-0.048213,-0.048213,-0.048213,-0.048213,-0.048213,0.000000,0.000000,0.000000,0.000000,0.000000,0.000000,0.000000,0.000000,0.000000,0.000000,0.000000,0.000000,0.000000,0.000000,0.000000,0.000000,0.000000,0.000000,0.000000,0.000000,0.000000,0.000000,0.000000,0.000000,0.000000,0.000000,0.000000,0.000000,0.000000,0.000000,0.000000,0.000000,0.000000,0.000000,0.000000,0.000000,0.000000,0.000000,0.000000
D2_1,0.000000,0.176374,0.308646,0.195556,0.155021,0.174077,0.203508,0.224028,0.184152,0.197909,0.187711,0.247414,0.000000,0.000000,0.000000,0.000000,0.000000,0.000000,0.000000,0.000000,0.000000,0.000000,0.000000,0.000000,0.000000,0.000000,0.000000,0.000000,0.000000,0.000000,0.000000,0.000000,0.000000,0.000000,0.000000,0.000000,0.000000,0.000000,0.000000,0.000000,0.000000,0.000000,-0.088813,-0.064845,-0.042905,-0.029256,-0.056781,-0.052573,-0.027879,-0.050667,-0.058470,-0.055519,-0.071865,-0.041732,-0.081760,-0.062486,-0.042191,-0.035985,-0.013707,-0.113663,-0.146004,-0.014525,-0.048213,-0.048213,-0.048213,-0.048213,-0.048213,-0.048213,0.000000,0.000000,0.000000,0.000000,0.000000,0.000000,0.000000,0.000000,0.000000,0.000000,0.000000,0.000000,0.000000,0.000000,0.000000,0.000000,0.000000,0.000000,0.000000,0.000000,0.000000,0.000000,0.000000,0.000000,0.000000,0.000000,0.000000,0.000000,0.000000,0.000000,0.000000,0.000000,0.000000,0.000000,0.000000,0.000000,0.000000,0.000000,0.000000
D2_2,0.000000,0.176374,0.289876,0.171844,0.194723,0.273287,0.201327,0.229793,0.158452,0.217455,0.320512,0.224123,0.000000,0.000000,0.000000,0.000000,0.000000,0.000000,0.000000,0.000000,0.000000,0.000000,0.000000,0.000000,0.000000,0.000000,0.000000,0.000000,0.000000,0.000000,0.000000,0.000000,0.000000,0.000000,0.000000,0.000000,0.000000,0.000000,0.000000,0.000000,0.000000,0.000000,-0.037652,-0.060027,-0.050374,-0.041508,-0.027714,-0.052838,-0.081438,-0.065074,-0.040720,-0.056449,-0.051727,-0.081758,-0.075475,-0.192408,-0.112887,-0.075193,-0.086737,-0.018805,-0.044047,-0.046467,-0.048213,-0.048213,-0.048213,-0.048213,-0.048213,-0.048213,0.000000,0.000000,0.000000,0.000000,0.000000,0.000000,0.000000,0.000000,0.000000,0.000000,0.000000,0.000000,0.000000,0.000000,0.000000,0.000000,0.000000,0.000000,0.000000,0.000000,0.000000,0.000000,0.000000,0.000000,0.000000,0.000000,0.000000,0.000000,0.000000,0.000000,0.000000,0.000000,0.000000,0.000000,0.000000,0.000000,0.000000,0.000000,0.000000
D2_3,0.000000,0.176374,0.236125,0.182478,0.261290,0.225578,0.285139,0.198998,0.171501,0.199940,0.413244,0.195656,0.000000,0.000000,0.000000,0.000000,0.000000,0.000000,0.000000,0.000000,0.000000,0.000000,0.000000,0.000000,0.000000,0.000000,0.000000,0.000000,0.000000,0.000000,0.000000,0.000000,0.000000,0.000000,0.000000,0.000000,0.000000,0.000000,0.000000,0.000000,0.000000,0.000000,-0.056161,-0.087809,-0.026700,-0.078137,-0.085707,-0.083500,-0.095279,-0.061164,-0.028787,-0.073353,-0.063944,-0.070348,-0.075656,-0.022301,-0.118144,-0.032870,-0.081356,-0.025677,-0.071871,-0.070003,-0.048213,-0.048213,-0.048213,-0.048213,-0.048213,-0.048213,0.000000,0.000000,0.000000,0.000000,0.000000,0.000000,0.000000,0.000000,0.000000,0.000000,0.000000,0.000000,0.000000,0.000000,0.000000,0.000000,0.000000,0.000000,0.000000,0.000000,0.000000,0.000000,0.000000,0.000000,0.000000,0.000000,0.000000,0.000000,0.000000,0.000000,0.000000,0.000000,0.000000,0.000000,0.000000,0.000000,0.000000,0.000000,0.000000
D2_4,0.000000,0.176374,0.199443,0.165684,0.201380,0.279029,0.231194,0.230047,0.252787,0.198689,0.206235,0.178019,0.000000,0.000000,0.000000,0.000000,0.000000,0.000000,0.000000,0.000000,0.000000,0.000000,0.000000,0.000000,0.000000,0.000000,0.000000,0.000000,0.000000,0.000000,0.000000,0.000000,0.000000,0.000000,0.000000,0.000000,0.000000,0.000000,0.000000,0.000000,0.000000,0.000000,-0.027497,-0.044458,-0.037073,-0.029180,-0.029036,-0.081196,-0.054394,-0.123333,-0.030098,-0.025722,-0.181208,-0.072492,-0.056622,-0.083296,-0.034795,-0.043677,-0.109676,-0.143501,-0.043762,-0.016291,-0.048213,-0.048213,-0.048213,-0.048213,-0.048213,-0.048213,0.000000,0.000000,0.000000,0.000000,0.000000,0.000000,0.000000,0.000000,0.000000,0.000000,0.000000,0.000000,0.000000,0.000000,0.000000,0.000000,0.000000,0.000000,0.000000,0.000000,0.000000,0.000000,0.000000,0.000000,0.000000,0.000000,0.000000,0.000000,0.000000,0.000000,0.000000,0.000000,0.000000,0.000000,0.000000,0.000000,0.000000,0.000000,0.000000
D2_5,0.000000,0.176374,0.326333,0.282826,0.157927,0.187824,0.238551,0.263385,0.219233,0.235737,0.215925,0.339069,0.000000,0.000000,0.000000,0.000000,0.000000,0.000000,0.000000,0.000000,0.000000,0.000000,0.000000,0.000000,0.000000,0.000000,0.000000,0.000000,0.000000,0.000000,0.000000,0.000000,0.000000,0.000000,0.000000,0.000000,0.000000,0.000000,0.000000,0.000000,0.000000,0.000000,-0.033125,-0.049506,-0.068480,-0.064837,-0.039872,-0.054303,-0.044621,-0.124795,-0.036912,-0.091258,-0.023942,-0.138599,-0.051165,-0.100276,-0.027979,-0.210877,-0.020343,-0.079959,-0.154657,-0.051959,-0.048213,-0.048213,-0.048213,-0.048213,-0.048213,-0.048213,0.000000,0.000000,0.000000,0.000000,0.000000,0.000000,0.000000,0.000000,0.000000,0.000000,0.000000,0.000000,0.000000,0.000000,0.000000,0.000000,0.000000,0.000000,0.000000,0.000000,0.000000,0.000000,0.000000,0.000000,0.000000,0.000000,0.000000,0.000000,0.000000,0.000000,0.000000,0.000000,0.000000,0.000000,0.000000,0.000000,0.000000,0.000000,0.000000
D2_6,0.000000,0.176374,0.171111,0.193382,0.284340,0.158394,0.190992,0.219869,0.272868,0.152509,0.214033,0.228811,0.000000,0.000000,0.000000,0.000000,0.000000,0.000000,0.000000,0.000000,0.000000,0.000000,0.000000,0.000000,0.000000,0.000000,0.000000,0.000000,0.000000,0.000000,0.000000,0.000000,0.000000,0.000000,0.000000,0.000000,0.000000,0.000000,0.000000,0.000000,0.000000,0.000000,-0.022647,-0.039493,-0.050944,-0.020990,-0.055579,-0.017750,-0.034722,-0.098923,-0.037897,-0.053682,-0.082928,-0.024929,-0.160417,-0.031236,-0.139476,-0.161957,-0.021433,-0.114834,-0.115133,-0.041338,-0.048213,-0.048213,-0.048213,-0.048213,-0.048213,-0.048213,0.000000,0.000000,0.000000,0.000000,0.000000,0.000000,0.000000,0.000000,0.000000,0.000000,0.000000,0.000000,0.000000,0.000000,0.000000,0.000000,0.000000,0.000000,0.000000,0.000000,0.000000,0.000000,0.000000,0.000000,0.000000,0.000000,0.000000,0.000000,0.000000,0.000000,0.000000,0.000000,0.000000,0.000000,0.000000,0.000000,0.000000,0.000000,0.000000
D2_7,0.000000,0.176374,0.215647,0.240186,0.163203,0.160161,0.144820,0.203756,0.254441,0.175043,0.148959,0.194512,0.000000,0.000000,0.000000,0.000000,0.000000,0.000000,0.000000,0.000000,0.000000,0.000000,0.000000,0.000000,0.000000,0.000000,0.000000,0.000000,0.000000,0.000000,0.000000,0.000000,0.000000,0.000000,0.000000,0.000000,0.000000,0.000000,0.000000,0.000000,0.000000,0.000000,-0.029882,-0.082069,-0.028817,-0.074440,-0.052887,-0.089405,-0.028448,-0.085359,-0.032028,-0.056354,-0.027113,-0.292742,-0.046018,-0.194185,-0.056659,-0.062622,-0.030181,-0.249260,-0.066348,-0.114087,-0.048213,-0.048213,-0.048213,-0.048213,-0.048213,-0.048213,0.000000,0.000000,0.000000,0.000000,0.000000,0.000000,0.000000,0.000000,0.000000,0.000000,0.000000,0.000000,0.000000,0.000000,0.000000,0.000000,0.000000,0.000000,0.000000,0.000000,0.000000,0.000000,0.000000,0.000000,0.000000,0.000000,0.000000,0.000000,0.000000,0.000000,0.000000,0.000000,0.000000,0.000000,0.000000,0.000000,0.000000,0.000000,0.000000
D2_8,0.000000,0.176374,0.252951,0.216663,0.230632,0.152506,0.269432,0.245448,0.239633,0.302458,0.232786,0.221223,0.000000,0.000000,0.000000,0.000000,0.000000,0.000000,0.000000,0.000000,0.000000,0.000000,0.000000,0.000000,0.000000,0.000000,0.000000,0.000000,0.000000,0.000000,0.000000,0.000000,0.000000,0.000000,0.000000,0.000000,0.000000,0.000000,0.000000,0.000000,0.000000,0.000000,-0.028053,-0.045337,-0.030029,-0.076034,-0.064911,-0.087158,-0.076155,-0.043174,-0.078316,-0.052162,-0.120223,-0.184099,-0.013822,-0.184200,-0.091475,-0.180793,-0.043374,-0.151336,-0.015277,-0.186268,-0.048213,-0.048213,-0.048213,-0.048213,-0.048213,-0.048213,0.000000,0.000000,0.000000,0.000000,0.000000,0.000000,0.000000,0.000000,0.000000,0.000000,0.000000,0.000000,0.000000,0.000000,0.000000,0.000000,0.000000,0.000000,0.000000,0.000000,0.000000,0.000000,0.000000,0.000000,0.000000,0.000000,0.000000,0.000000,0.000000,0.000000,0.000000,0.000000,0.000000,0.000000,0.000000,0.000000,0.000000,0.000000,0.000000
D2_9,0.000000,0.176374,0.297135,0.219075,0.197805,0.215398,0.159330,0.172385,0.186783,0.149813,0.278128,0.205070,0.000000,0.000000,0.000000,0.000000,0.000000,0.000000,0.000000,0.000000,0.000000,0.000000,0.000000,0.000000,0.000000,0.000000,0.000000,0.000000,0.000000,0.000000,0.000000,0.000000,0.000000,0.000000,0.000000,0.000000,0.000000,0.000000,0.000000,0.000000,0.000000,0.000000,-0.113172,-0.091678,-0.032916,-0.083972,-0.045468,-0.039171,-0.052018,-0.032487,-0.053206,-0.045903,-0.099325,-0.058206,-0.015024,-0.082043,-0.087808,-0.119705,-0.129411,-0.092264,-0.113561,-0.055368,-0.048213,-0.048213,-0.048213,-0.048213,-0.048213,-0.048213,0.000000,0.000000,0.000000,0.000000,0.000000,0.000000,0.000000,0.000000,0.000000,0.000000,0.000000,0.000000,0.000000,0.000000,0.000000,0.000000,0.000000,0.000000,0.000000,0.000000,0.000000,0.000000,0.000000,0.000000,0.000000,0.000000,0.000000,0.000000,0.000000,0.000000,0.000000,0.000000,0.000000,0.000000,0.000000,0.000000,0.000000,0.000000,0.000000
SNc_0,0.000000,0.000000,0.000000,0.000000,0.000000,0.000000,0.000000,0.000000,0.000000,0.000000,0.000000,0.000000,0.085172,0.106236,0.120952,0.207957,0.072804,0.086896,0.070539,0.040246,0.083311,0.054481,0.000000,0.000000,0.000000,0.000000,0.000000,0.000000,0.000000,0.000000,0.000000,0.000000,0.000000,0.000000,0.000000,0.000000,0.000000,0.000000,0.000000,0.000000,0.000000,0.000000,-0.000000,-0.000000,-0.030393,-0.130450,-0.024526,-0.026336,-0.000000,-0.095917,-0.034480,-0.000000,-0.020961,-0.074692,-0.075437,-0.060983,-0.059463,-0.059219,-0.171716,-0.021980,-0.055894,-0.114319,0.000000,0.000000,0.000000,0.000000,0.000000,0.000000,0.000000,0.000000,0.000000,0.000000,0.000000,0.000000,0.000000,0.000000,0.000000,0.000000,0.000000,0.000000,0.000000,0.000000,0.000000,0.000000,0.000000,0.000000,0.000000,0.000000,0.000000,0.000000,0.000000,0.000000,0.000000,0.000000,0.000000,0.000000,0.000000,0.000000,0.000000,0.000000,0.000000,0.000000,0.000000,0.000000,0.000000,0.000000,0.000000
SNc_1,0.000000,0.000000,0.000000,0.000000,0.000000,0.000000,0.000000,0.000000,0.000000,0.000000,0.000000,0.000000,0.231813,0.137444,0.175069,0.126837,0.220629,0.193593,0.110716,0.070551,0.103197,0.099677,0.000000,0.000000,0.000000,0.000000,0.000000,0.000000,0.000000,0.000000,0.000000,0.000000,0.000000,0.000000,0.000000,0.000000,0.000000,0.000000,0.000000,0.000000,0.000000,0.000000,-0.000000,-0.000000,-0.207669,-0.032544,-0.007689,-0.000000,-0.000000,-0.164523,-0.155445,-0.004782,-0.000000,-0.000000,-0.132915,-0.126462,-0.171147,-0.022711,-0.035933,-0.131671,-0.102855,-0.000000,0.000000,0.000000,0.000000,0.000000,0.000000,0.000000,0.000000,0.000000,0.000000,0.000000,0.000000,0.000000,0.000000,0.000000,0.000000,0.000000,0.000000,0.000000,0.000000,0.000000,0.000000,0.000000,0.000000,0.000000,0.000000,0.000000,0.000000,0.000000,0.000000,0.000000,0.000000,0.000000,0.000000,0.000000,0.000000,0.000000,0.000000,0.000000,0.000000,0.000000,0.000000,0.000000,0.000000,0.000000,0.000000
SNc_2,0.000000,0.000000,0.000000,0.000000,0.000000,0.000000,0.000000,0.000000,0.000000,0.000000,0.000000,0.000000,0.210830,0.206247,0.063313,0.073891,0.109150,0.068584,0.070741,0.092464,0.069870,0.138760,0.000000,0.000000,0.000000,0.000000,0.000000,0.000000,0.000000,0.000000,0.000000,0.000000,0.000000,0.000000,0.000000,0.000000,0.000000,0.000000,0.000000,0.000000,0.000000,0.000000,-0.000000,-0.000000,-0.193078,-0.000000,-0.158558,-0.000000,-0.000000,-0.130860,-0.005610,-0.017750,-0.000000,-0.000000,-0.012141,-0.032729,-0.000000,-0.129924,-0.000000,-0.132526,-0.000000,-0.067000,0.000000,0.000000,0.000000,0.000000,0.000000,0.000000,0.000000,0.000000,0.000000,0.000000,0.000000,0.000000,0.000000,0.000000,0.000000,0.000000,0.000000,0.000000,0.000000,0.000000,0.000000,0.000000,0.000000,0.000000,0.000000,0.000000,0.000000,0.000000,0.000000,0.000000,0.000000,0.000000,0.000000,0.000000,0.000000,0.000000,0.000000,0.000000,0.000000,0.000000,0.000000,0.000000,0.000000,0.000000,0.000000
SNc_3,0.000000,0.000000,0.000000,0.000000,0.000000,0.000000,0.000000,0.000000,0.000000,0.000000,0.000000,0.000000,0.129817,0.058147,0.180824,0.114882,0.062688,0.092764,0.265012,0.043878,0.103835,0.087575,0.000000,0.000000,0.000000,0.000000,0.000000,0.000000,0.000000,0.000000,0.000000,0.000000,0.000000,0.000000,0.000000,0.000000,0.000000,0.000000,0.000000,0.000000,0.000000,0.000000,-0.038321,-0.023418,-0.095159,-0.157828,-0.034052,-0.177025,-0.130246,-0.172382,-0.079219,-0.048356,-0.063395,-0.092258,-0.000000,-0.000000,-0.000000,-0.008614,-0.000000,-0.023392,-0.066091,-0.086912,0.000000,0.000000,0.000000,0.000000,0.000000,0.000000,0.000000,0.000000,0.000000,0.000000,0.000000,0.000000,0.000000,0.000000,0.000000,0.000000,0.000000,0.000000,0.000000,0.000000,0.000000,0.000000,0.000000,0.000000,0.000000,0.000000,0.000000,0.000000,0.000000,0.000000,0.000000,0.000000,0.000000,0.000000,0.000000,0.000000,0.000000,0.000000,0.000000,0.000000,0.000000,0.000000,0.000000,0.000000,0.000000
SNc_4,0.000000,0.000000,0.000000,0.000000,0.000000,0.000000,0.000000,0.000000,0.000000,0.000000,0.000000,0.000000,0.205098,0.200518,0.159498,0.046921,0.139425,0.203194,0.112652,0.057729,0.191818,0.143098,0.000000,0.000000,0.000000,0.000000,0.000000,0.000000,0.000000,0.000000,0.000000,0.000000,0.000000,0.000000,0.000000,0.000000,0.000000,0.000000,0.000000,0.000000,0.000000,0.000000,-0.024015,-0.003528,-0.106529,-0.172530,-0.031658,-0.085876,-0.000000,-0.074058,-0.045587,-0.000000,-0.047493,-0.056316,-0.094356,-0.013014,-0.045599,-0.205661,-0.083409,-0.017391,-0.073663,-0.040170,0.000000,0.000000,0.000000,0.000000,0.000000,0.000000,0.000000,0.000000,0.000000,0.000000,0.000000,0.000000,0.000000,0.000000,0.000000,0.000000,0.000000,0.000000,0.000000,0.000000,0.000000,0.000000,0.000000,0.000000,0.000000,0.000000,0.000000,0.000000,0.000000,0.000000,0.000000,0.000000,0.000000,0.000000,0.000000,0.000000,0.000000,0.000000,0.000000,0.000000,0.000000,0.000000,0.000000,0.000000,0.000000
SNc_5,0.000000,0.000000,0.000000,0.000000,0.000000,0.000000,0.000000,0.000000,0.000000,0.000000,0.000000,0.000000,0.049554,0.055615,0.080813,0.022589,0.120601,0.160428,0.111234,0.034662,0.210722,0.097744,0.000000,0.000000,0.000000,0.000000,0.000000,0.000000,0.000000,0.000000,0.000000,0.000000,0.000000,0.000000,0.000000,0.000000,0.000000,0.000000,0.000000,0.000000,0.000000,0.000000,-0.000000,-0.054582,-0.158261,-0.076388,-0.000384,-0.023988,-0.000000,-0.000000,-0.000000,-0.032090,-0.000000,-0.029912,-0.028316,-0.071406,-0.064000,-0.010299,-0.000000,-0.206723,-0.015555,-0.113876,0.000000,0.000000,0.000000,0.000000,0.000000,0.000000,0.000000,0.000000,0.000000,0.000000,0.000000,0.000000,0.000000,0.000000,0.000000,0.000000,0.000000,0.000000,0.000000,0.000000,0.000000,0.000000,0.000000,0.000000,0.000000,0.000000,0.000000,0.000000,0.000000,0.000000,0.000000,0.000000,0.000000,0.000000,0.000000,0.000000,0.000000,0.000000,0.000000,0.000000,0.000000,0.000000,0.000000,0.000000,0.000000
GPe_0,0.000000,0.000000,0.191305,0.062362,0.021183,0.132692,0.167909,0.157225,0.026284,0.047401,0.050572,0.109589,0.000000,0.000000,0.000000,0.000000,0.000000,0.000000,0.000000,0.000000,0.000000,0.000000,0.000000,0.000000,0.000000,0.000000,0.000000,0.000000,0.000000,0.000000,0.000000,0.000000,0.000000,0.000000,0.000000,0.000000,0.000000,0.000000,0.000000,0.000000,0.000000,0.000000,0.000000,0.000000,0.000000,0.000000,0.000000,0.000000,0.000000,0.000000,0.000000,0.000000,-0.026379,-0.196291,-0.028077,-0.069329,-0.159866,-0.014673,-0.082016,-0.034092,-0.082226,-0.094160,0.000000,0.000000,0.000000,0.000000,0.000000,0.000000,-0.146335,-0.069809,-0.106493,-0.012516,-0.000382,-0.082203,0.000000,0.000000,0.000000,0.000000,0.000000,0.000000,0.000000,0.000000,0.000000,0.000000,0.000000,0.000000,0.000000,0.000000,0.000000,0.000000,0.000000,0.000000,0.000000,0.000000,0.000000,0.000000,0.000000,0.000000,0.000000,0.000000,0.000000,0.000000,0.000000,0.000000,0.000000,0.000000,0.000000
GPe_1,0.000000,0.000000,0.232760,0.092702,0.022400,0.031779,0.000646,0.053830,0.001906,0.109267,0.129422,0.168630,0.000000,0.000000,0.000000,0.000000,0.000000,0.000000,0.000000,0.000000,0.000000,0.000000,0.000000,0.000000,0.000000,0.000000,0.000000,0.000000,0.000000,0.000000,0.000000,0.000000,0.000000,0.000000,0.000000,0.000000,0.000000,0.000000,0.000000,0.000000,0.000000,0.000000,0.000000,0.000000,0.000000,0.000000,0.000000,0.000000,0.000000,0.000000,0.000000,0.000000,-0.047789,-0.173210,-0.055783,-0.049233,-0.123233,-0.050116,-0.165875,-0.063254,-0.071023,-0.102831,0.000000,0.000000,0.000000,0.000000,0.000000,0.000000,-0.293888,-0.143659,-0.025540,-0.340850,-0.075464,-0.252629,0.000000,0.000000,0.000000,0.000000,0.000000,0.000000,0.000000,0.000000,0.000000,0.000000,0.000000,0.000000,0.000000,0.000000,0.000000,0.000000,0.000000,0.000000,0.000000,0.000000,0.000000,0.000000,0.000000,0.000000,0.000000,0.000000,0.000000,0.000000,0.000000,0.000000,0.000000,0.000000,0.000000
GPe_2,0.000000,0.000000,0.027465,0.082584,0.135730,0.262737,0.000467,0.076144,0.011057,0.106625,0.076790,0.079771,0.000000,0.000000,0.000000,0.000000,0.000000,0.000000,0.000000,0.000000,0.000000,0.000000,0.000000,0.000000,0.000000,0.000000,0.000000,0.000000,0.000000,0.000000,0.000000,0.000000,0.000000,0.000000,0.000000,0.000000,0.000000,0.000000,0.000000,0.000000,0.000000,0.000000,0.000000,0.000000,0.000000,0.000000,0.000000,0.000000,0.000000,0.000000,0.000000,0.000000,-0.021874,-0.054934,-0.065081,-0.000000,-0.000000,-0.057819,-0.111775,-0.127613,-0.085018,-0.020699,0.000000,0.000000,0.000000,0.000000,0.000000,0.000000,-0.107296,-0.127878,-0.128618,-0.156989,-0.025841,-0.159896,0.000000,0.000000,0.000000,0.000000,0.000000,0.000000,0.000000,0.000000,0.000000,0.000000,0.000000,0.000000,0.000000,0.000000,0.000000,0.000000,0.000000,0.000000,0.000000,0.000000,0.000000,0.000000,0.000000,0.000000,0.000000,0.000000,0.000000,0.000000,0.000000,0.000000,0.000000,0.000000,0.000000
GPe_3,0.000000,0.000000,0.110474,0.145080,0.066202,0.066838,0.117782,0.089695,0.106318,0.134078,0.065438,0.037407,0.000000,0.000000,0.000000,0.000000,0.000000,0.000000,0.000000,0.000000,0.000000,0.000000,0.000000,0.000000,0.000000,0.000000,0.000000,0.000000,0.000000,0.000000,0.000000,0.000000,0.000000,0.000000,0.000000,0.000000,0.000000,0.000000,0.000000,0.000000,0.000000,0.000000,0.000000,0.000000,0.000000,0.000000,0.000000,0.000000,0.000000,0.000000,0.000000,0.000000,-0.036257,-0.036644,-0.000000,-0.000000,-0.028898,-0.038760,-0.030171,-0.052308,-0.154320,-0.000000,0.000000,0.000000,0.000000,0.000000,0.000000,0.000000,-0.002685,-0.137215,-0.095142,-0.072866,-0.036107,-0.175881,0.000000,0.000000,0.000000,0.000000,0.000000,0.000000,0.000000,0.000000,0.000000,0.000000,0.000000,0.000000,0.000000,0.000000,0.000000,0.000000,0.000000,0.000000,0.000000,0.000000,0.000000,0.000000,0.000000,0.000000,0.000000,0.000000,0.000000,0.000000,0.000000,0.000000,0.000000,0.000000,0.000000
GPe_4,0.000000,0.000000,0.082502,0.060700,0.036962,0.165619,0.068145,0.055104,0.123719,0.009320,0.075686,0.061707,0.000000,0.000000,0.000000,0.000000,0.000000,0.000000,0.000000,0.000000,0.000000,0.000000,0.000000,0.000000,0.000000,0.000000,0.000000,0.000000,0.000000,0.000000,0.000000,0.000000,0.000000,0.000000,0.000000,0.000000,0.000000,0.000000,0.000000,0.000000,0.000000,0.000000,0.000000,0.000000,0.000000,0.000000,0.000000,0.000000,0.000000,0.000000,0.000000,0.000000,-0.028775,-0.122602,-0.120502,-0.049781,-0.047997,-0.029572,-0.123752,-0.060736,-0.133638,-0.063542,0.000000,0.000000,0.000000,0.000000,0.000000,0.000000,-0.164464,-0.169530,-0.048629,-0.121240,-0.128580,-0.126851,0.000000,0.000000,0.000000,0.000000,0.000000,0.000000,0.000000,0.000000,0.000000,0.000000,0.000000,0.000000,0.000000,0.000000,0.000000,0.000000,0.000000,0.000000,0.000000,0.000000,0.000000,0.000000,0.000000,0.000000,0.000000,0.000000,0.000000,0.000000,0.000000,0.000000,0.000000,0.000000,0.000000
GPe_5,0.000000,0.000000,0.106564,0.078833,0.022703,0.022879,0.064926,0.105342,0.211299,0.032988,0.021830,0.132444,0.000000,0.000000,0.000000,0.000000,0.000000,0.000000,0.000000,0.000000,0.000000,0.000000,0.000000,0.000000,0.000000,0.000000,0.000000,0.000000,0.000000,0.000000,0.000000,0.000000,0.000000,0.000000,0.000000,0.000000,0.000000,0.000000,0.000000,0.000000,0.000000,0.000000,0.000000,0.000000,0.000000,0.000000,0.000000,0.000000,0.000000,0.000000,0.000000,0.000000,-0.151563,-0.124085,-0.103703,-0.334148,-0.128388,-0.027678,-0.249702,-0.007083,-0.023078,-0.126155,0.000000,0.000000,0.000000,0.000000,0.000000,0.000000,-0.275558,-0.039384,-0.147379,-0.088012,-0.118749,-0.317788,0.000000,0.000000,0.000000,0.000000,0.000000,0.000000,0.000000,0.000000,0.000000,0.000000,0.000000,0.000000,0.000000,0.000000,0.000000,0.000000,0.000000,0.000000,0.000000,0.000000,0.000000,0.000000,0.000000,0.000000,0.000000,0.000000,0.000000,0.000000,0.000000,0.000000,0.000000,0.000000,0.000000
SNr_0,0.000000,0.000000,0.000000,0.000000,0.000000,0.000000,0.000000,0.000000,0.000000,0.000000,0.000000,0.000000,0.000000,0.000000,0.000000,0.000000,0.000000,0.000000,0.000000,0.000000,0.000000,0.000000,0.000000,0.000000,0.000000,0.000000,0.000000,0.000000,0.000000,0.000000,0.000000,0.000000,0.000000,0.000000,0.000000,0.000000,0.000000,0.000000,0.000000,0.000000,0.000000,0.000000,-0.111589,-0.130453,-0.160365,-0.085191,-0.196950,-0.043130,-0.075804,-0.123992,-0.040943,-0.080107,0.000000,0.000000,0.000000,0.000000,0.000000,0.000000,0.000000,0.000000,0.000000,0.000000,0.000000,0.000000,0.000000,0.000000,0.000000,0.000000,-0.041141,-0.078519,-0.015629,-0.171894,-0.153807,-0.246322,0.000000,0.000000,0.000000,0.000000,0.000000,0.000000,0.000000,0.000000,0.000000,0.000000,0.000000,0.000000,0.000000,0.000000,0.000000,0.000000,0.000000,0.000000,0.000000,0.000000,0.000000,0.000000,0.000000,0.000000,0.000000,0.000000,0.000000,0.000000,0.000000,0.000000,0.000000,0.000000,0.000000
SNr_1,0.000000,0.000000,0.000000,0.000000,0.000000,0.000000,0.000000,0.000000,0.000000,0.000000,0.000000,0.000000,0.000000,0.000000,0.000000,0.000000,0.000000,0.000000,0.000000,0.000000,0.000000,0.000000,0.000000,0.000000,0.000000,0.000000,0.000000,0.000000,0.000000,0.000000,0.000000,0.000000,0.000000,0.000000,0.000000,0.000000,0.000000,0.000000,0.000000,0.000000,0.000000,0.000000,-0.204698,-0.027907,-0.053356,-0.041938,-0.194924,-0.127689,-0.179287,-0.129200,-0.009230,-0.021788,0.000000,0.000000,0.000000,0.000000,0.000000,0.000000,0.000000,0.000000,0.000000,0.000000,0.000000,0.000000,0.000000,0.000000,0.000000,0.000000,-0.046561,-0.057430,-0.037739,-0.025736,-0.213461,-0.230430,0.000000,0.000000,0.000000,0.000000,0.000000,0.000000,0.000000,0.000000,0.000000,0.000000,0.000000,0.000000,0.000000,0.000000,0.000000,0.000000,0.000000,0.000000,0.000000,0.000000,0.000000,0.000000,0.000000,0.000000,0.000000,0.000000,0.000000,0.000000,0.000000,0.000000,0.000000,0.000000,0.000000
SNr_2,0.000000,0.000000,0.000000,0.000000,0.000000,0.000000,0.000000,0.000000,0.000000,0.000000,0.000000,0.000000,0.000000,0.000000,0.000000,0.000000,0.000000,0.000000,0.000000,0.000000,0.000000,0.000000,0.000000,0.000000,0.000000,0.000000,0.000000,0.000000,0.000000,0.000000,0.000000,0.000000,0.000000,0.000000,0.000000,0.000000,0.000000,0.000000,0.000000,0.000000,0.000000,0.000000,-0.148312,-0.044006,-0.021173,-0.112472,-0.081356,-0.039363,-0.003462,-0.057867,-0.001594,-0.119762,0.000000,0.000000,0.000000,0.000000,0.000000,0.000000,0.000000,0.000000,0.000000,0.000000,0.000000,0.000000,0.000000,0.000000,0.000000,0.000000,-0.051095,-0.487156,-0.035530,-0.000000,-0.254745,-0.000000,0.000000,0.000000,0.000000,0.000000,0.000000,0.000000,0.000000,0.000000,0.000000,0.000000,0.000000,0.000000,0.000000,0.000000,0.000000,0.000000,0.000000,0.000000,0.000000,0.000000,0.000000,0.000000,0.000000,0.000000,0.000000,0.000000,0.000000,0.000000,0.000000,0.000000,0.000000,0.000000,0.000000
SNr_3,0.000000,0.000000,0.000000,0.000000,0.000000,0.000000,0.000000,0.000000,0.000000,0.000000,0.000000,0.000000,0.000000,0.000000,0.000000,0.000000,0.000000,0.000000,0.000000,0.000000,0.000000,0.000000,0.000000,0.000000,0.000000,0.000000,0.000000,0.000000,0.000000,0.000000,0.000000,0.000000,0.000000,0.000000,0.000000,0.000000,0.000000,0.000000,0.000000,0.000000,0.000000,0.000000,-0.090369,-0.153070,-0.219016,-0.172108,-0.068914,-0.159379,-0.059397,-0.080591,-0.109342,-0.111824,0.000000,0.000000,0.000000,0.000000,0.000000,0.000000,0.000000,0.000000,0.000000,0.000000,0.000000,0.000000,0.000000,0.000000,0.000000,0.000000,-0.182785,-0.180447,-0.026321,-0.000000,-0.075145,-0.049027,0.000000,0.000000,0.000000,0.000000,0.000000,0.000000,0.000000,0.000000,0.000000,0.000000,0.000000,0.000000,0.000000,0.000000,0.000000,0.000000,0.000000,0.000000,0.000000,0.000000,0.000000,0.000000,0.000000,0.000000,0.000000,0.000000,0.000000,0.000000,0.000000,0.000000,0.000000,0.000000,0.000000
SNr_4,0.000000,0.000000,0.000000,0.000000,0.000000,0.000000,0.000000,0.000000,0.000000,0.000000,0.000000,0.000000,0.000000,0.000000,0.000000,0.000000,0.000000,0.000000,0.000000,0.000000,0.000000,0.000000,0.000000,0.000000,0.000000,0.000000,0.000000,0.000000,0.000000,0.000000,0.000000,0.000000,0.000000,0.000000,0.000000,0.000000,0.000000,0.000000,0.000000,0.000000,0.000000,0.000000,-0.049431,-0.036928,-0.254119,-0.142948,-0.031248,-0.093003,-0.274045,-0.058834,-0.070680,-0.019510,0.000000,0.000000,0.000000,0.000000,0.000000,0.000000,0.000000,0.000000,0.000000,0.000000,0.000000,0.000000,0.000000,0.000000,0.000000,0.000000,-0.119080,-0.024123,-0.098036,-0.161799,-0.034914,-0.062894,0.000000,0.000000,0.000000,0.000000,0.000000,0.000000,0.000000,0.000000,0.000000,0.000000,0.000000,0.000000,0.000000,0.000000,0.000000,0.000000,0.000000,0.000000,0.000000,0.000000,0.000000,0.000000,0.000000,0.000000,0.000000,0.000000,0.000000,0.000000,0.000000,0.000000,0.000000,0.000000,0.000000
SNr_5,0.000000,0.000000,0.000000,0.000000,0.000000,0.000000,0.000000,0.000000,0.000000,0.000000,0.000000,0.000000,0.000000,0.000000,0.000000,0.000000,0.000000,0.000000,0.000000,0.000000,0.000000,0.000000,0.000000,0.000000,0.000000,0.000000,0.000000,0.000000,0.000000,0.000000,0.000000,0.000000,0.000000,0.000000,0.000000,0.000000,0.000000,0.000000,0.000000,0.000000,0.000000,0.000000,-0.029110,-0.230930,-0.044255,-0.203452,-0.104206,-0.039969,-0.239034,-0.117319,-0.097343,-0.151823,0.000000,0.000000,0.000000,0.000000,0.000000,0.000000,0.000000,0.000000,0.000000,0.000000,0.000000,0.000000,0.000000,0.000000,0.000000,0.000000,-0.153433,-0.064947,-0.053113,-0.169189,-0.111087,-0.144953,0.000000,0.000000,0.000000,0.000000,0.000000,0.000000,0.000000,0.000000,0.000000,0.000000,0.000000,0.000000,0.000000,0.000000,0.000000,0.000000,0.000000,0.000000,0.000000,0.000000,0.000000,0.000000,0.000000,0.000000,0.000000,0.000000,0.000000,0.000000,0.000000,0.000000,0.000000,0.000000,0.000000
SNr_6,0.000000,0.000000,0.000000,0.000000,0.000000,0.000000,0.000000,0.000000,0.000000,0.000000,0.000000,0.000000,0.000000,0.000000,0.000000,0.000000,0.000000,0.000000,0.000000,0.000000,0.000000,0.000000,0.000000,0.000000,0.000000,0.000000,0.000000,0.000000,0.000000,0.000000,0.000000,0.000000,0.000000,0.000000,0.000000,0.000000,0.000000,0.000000,0.000000,0.000000,0.000000,0.000000,-0.119578,-0.085198,-0.077776,-0.069972,-0.024014,-0.217682,-0.117331,-0.047728,-0.159092,-0.090528,0.000000,0.000000,0.000000,0.000000,0.000000,0.000000,0.000000,0.000000,0.000000,0.000000,0.000000,0.000000,0.000000,0.000000,0.000000,0.000000,-0.100451,-0.126565,-0.249429,-0.042920,-0.000000,-0.237634,0.000000,0.000000,0.000000,0.000000,0.000000,0.000000,0.000000,0.000000,0.000000,0.000000,0.000000,0.000000,0.000000,0.000000,0.000000,0.000000,0.000000,0.000000,0.000000,0.000000,0.000000,0.000000,0.000000,0.000000,0.000000,0.000000,0.000000,0.000000,0.000000,0.000000,0.000000,0.000000,0.000000
SNr_7,0.000000,0.000000,0.000000,0.000000,0.000000,0.000000,0.000000,0.000000,0.000000,0.000000,0.000000,0.000000,0.000000,0.000000,0.000000,0.000000,0.000000,0.000000,0.000000,0.000000,0.000000,0.000000,0.000000,0.000000,0.000000,0.000000,0.000000,0.000000,0.000000,0.000000,0.000000,0.000000,0.000000,0.000000,0.000000,0.000000,0.000000,0.000000,0.000000,0.000000,0.000000,0.000000,-0.144187,-0.016955,-0.062453,-0.109757,-0.052457,-0.133444,-0.018549,-0.034770,-0.051912,-0.009950,0.000000,0.000000,0.000000,0.000000,0.000000,0.000000,0.000000,0.000000,0.000000,0.000000,0.000000,0.000000,0.000000,0.000000,0.000000,0.000000,-0.128098,-0.171649,-0.158256,-0.085130,-0.223982,-0.000000,0.000000,0.000000,0.000000,0.000000,0.000000,0.000000,0.000000,0.000000,0.000000,0.000000,0.000000,0.000000,0.000000,0.000000,0.000000,0.000000,0.000000,0.000000,0.000000,0.000000,0.000000,0.000000,0.000000,0.000000,0.000000,0.000000,0.000000,0.000000,0.000000,0.000000,0.000000,0.000000,0.000000
Thalamus_0,0.000000,0.000000,0.051987,0.027780,0.010339,0.049407,0.015016,0.021583,0.057641,0.000000,0.016303,0.049074,0.000000,0.000000,0.000000,0.000000,0.000000,0.000000,0.000000,0.000000,0.000000,0.000000,0.000000,0.000000,0.000000,0.000000,0.000000,0.000000,0.000000,0.000000,0.000000,0.000000,0.000000,0.000000,0.000000,0.000000,0.000000,0.000000,0.000000,0.000000,0.000000,0.000000,0.000000,0.000000,0.000000,0.000000,0.000000,0.000000,0.000000,0.000000,0.000000,0.000000,0.000000,0.000000,0.000000,0.000000,0.000000,0.000000,0.000000,0.000000,0.000000,0.000000,0.000000,0.000000,0.000000,0.000000,0.000000,0.000000,0.000000,0.000000,0.000000,0.000000,0.000000,0.000000,-0.072980,-0.089224,-0.127607,-0.093744,-0.232949,-0.145660,-0.164793,-0.143312,0.000000,0.153000,0.029020,0.062740,0.038508,0.276452,0.122398,0.128376,0.184482,0.075504,-0.000000,-0.038547,-0.000000,-0.000000,-0.000000,-0.045150,-0.000000,-0.000000,-0.000000,-0.000000,0.000000,0.000000,0.000000,0.000000,0.000000
Thalamus_1,0.000000,0.000000,0.063121,0.038933,0.022483,0.012690,0.011680,0.011061,0.031701,0.034952,0.073533,0.008094,0.000000,0.000000,0.000000,0.000000,0.000000,0.000000,0.000000,0.000000,0.000000,0.000000,0.000000,0.000000,0.000000,0.000000,0.000000,0.000000,0.000000,0.000000,0.000000,0.000000,0.000000,0.000000,0.000000,0.000000,0.000000,0.000000,0.000000,0.000000,0.000000,0.000000,0.000000,0.000000,0.000000,0.000000,0.000000,0.000000,0.000000,0.000000,0.000000,0.000000,0.000000,0.000000,0.000000,0.000000,0.000000,0.000000,0.000000,0.000000,0.000000,0.000000,0.000000,0.000000,0.000000,0.000000,0.000000,0.000000,0.000000,0.000000,0.000000,0.000000,0.000000,0.000000,-0.072198,-0.163137,-0.184339,-0.127369,-0.244765,-0.108370,-0.296862,-0.167798,0.146173,0.000000,0.039124,0.065884,0.278731,0.052899,0.124268,0.065004,0.065704,0.121003,-0.012815,-0.000000,-0.000000,-0.030292,-0.000000,-0.034963,-0.000000,-0.003382,-0.000000,-0.000000,0.000000,0.000000,0.000000,0.000000,0.000000
Thalamus_2,0.000000,0.000000,0.041855,0.061553,0.017691,0.036725,0.002031,0.000919,0.019807,0.018347,0.052358,0.029689,0.000000,0.000000,0.000000,0.000000,0.000000,0.000000,0.000000,0.000000,0.000000,0.000000,0.000000,0.000000,0.000000,0.000000,0.000000,0.000000,0.000000,0.000000,0.000000,0.000000,0.000000,0.000000,0.000000,0.000000,0.000000,0.000000,0.000000,0.000000,0.000000,0.000000,0.000000,0.000000,0.000000,0.000000,0.000000,0.000000,0.000000,0.000000,0.000000,0.000000,0.000000,0.000000,0.000000,0.000000,0.000000,0.000000,0.000000,0.000000,0.000000,0.000000,0.000000,0.000000,0.000000,0.000000,0.000000,0.000000,0.000000,0.000000,0.000000,0.000000,0.000000,0.000000,-0.214022,-0.162063,-0.188041,-0.177728,-0.325699,-0.128064,-0.188613,-0.166958,0.120881,0.098626,0.000000,0.157610,0.181382,0.171487,0.192019,0.139264,0.176959,0.052294,-0.013044,-0.066441,-0.032501,-0.009901,-0.015919,-0.055345,-0.000000,-0.011279,-0.000000,-0.000000,0.000000,0.000000,0.000000,0.000000,0.000000
Thalamus_3,0.000000,0.000000,0.054014,0.040188,0.027635,0.036349,0.021100,0.053929,0.004704,0.051876,0.056774,0.052861,0.000000,0.000000,0.000000,0.000000,0.000000,0.000000,0.000000,0.000000,0.000000,0.000000,0.000000,0.000000,0.000000,0.000000,0.000000,0.000000,0.000000,0.000000,0.000000,0.000000,0.000000,0.000000,0.000000,0.000000,0.000000,0.000000,0.000000,0.000000,0.000000,0.000000,0.000000,0.000000,0.000000,0.000000,0.000000,0.000000,0.000000,0.000000,0.000000,0.000000,0.000000,0.000000,0.000000,0.000000,0.000000,0.000000,0.000000,0.000000,0.000000,0.000000,0.000000,0.000000,0.000000,0.000000,0.000000,0.000000,0.000000,0.000000,0.000000,0.000000,0.000000,0.000000,-0.112486,-0.132681,-0.162245,-0.221365,-0.282613,-0.081294,-0.263090,-0.204684,0.057505,0.100918,0.037992,0.000000,0.168501,0.100721,0.171507,0.059719,0.077944,0.049495,-0.000000,-0.025210,-0.000000,-0.000000,-0.000000,-0.026478,-0.000000,-0.000000,-0.000000,-0.000000,0.000000,0.000000,0.000000,0.000000,0.000000
Thalamus_4,0.000000,0.000000,0.106476,0.032375,0.043271,0.005491,0.043444,0.031105,0.018746,0.054132,0.083233,0.021947,0.000000,0.000000,0.000000,0.000000,0.000000,0.000000,0.000000,0.000000,0.000000,0.000000,0.000000,0.000000,0.000000,0.000000,0.000000,0.000000,0.000000,0.000000,0.000000,0.000000,0.000000,0.000000,0.000000,0.000000,0.000000,0.000000,0.000000,0.000000,0.000000,0.000000,0.000000,0.000000,0.000000,0.000000,0.000000,0.000000,0.000000,0.000000,0.000000,0.000000,0.000000,0.000000,0.000000,0.000000,0.000000,0.000000,0.000000,0.000000,0.000000,0.000000,0.000000,0.000000,0.000000,0.000000,0.000000,0.000000,0.000000,0.000000,0.000000,0.000000,0.000000,0.000000,-0.168847,-0.177044,-0.119649,-0.161964,-0.234009,-0.127740,-0.347638,-0.358200,0.176210,0.081575,0.095166,0.049436,0.000000,0.090766,0.116016,0.239360,0.076055,0.029940,-0.044090,-0.073069,-0.020423,-0.018097,-0.021450,-0.044549,-0.000000,-0.031280,-0.000000,-0.000000,0.000000,0.000000,0.000000,0.000000,0.000000
Thalamus_5,0.000000,0.000000,0.072783,0.023016,0.039563,0.012979,0.000000,0.014826,0.020749,0.028307,0.012367,0.088028,0.000000,0.000000,0.000000,0.000000,0.000000,0.000000,0.000000,0.000000,0.000000,0.000000,0.000000,0.000000,0.000000,0.000000,0.000000,0.000000,0.000000,0.000000,0.000000,0.000000,0.000000,0.000000,0.000000,0.000000,0.000000,0.000000,0.000000,0.000000,0.000000,0.000000,0.000000,0.000000,0.000000,0.000000,0.000000,0.000000,0.000000,0.000000,0.000000,0.000000,0.000000,0.000000,0.000000,0.000000,0.000000,0.000000,0.000000,0.000000,0.000000,0.000000,0.000000,0.000000,0.000000,0.000000,0.000000,0.000000,0.000000,0.000000,0.000000,0.000000,0.000000,0.000000,-0.115198,-0.215318,-0.267495,-0.136305,-0.398564,-0.135721,-0.170366,-0.110820,0.068529,0.046570,0.103092,0.042095,0.126870,0.000000,0.043528,0.100656,0.192419,0.225382,-0.000000,-0.000000,-0.055077,-0.000000,-0.010821,-0.053400,-0.000000,-0.000000,-0.030764,-0.047782,0.000000,0.000000,0.000000,0.000000,0.000000
Thalamus_6,0.000000,0.000000,0.043119,0.101595,0.049392,0.022037,0.000000,0.019825,0.016220,0.044786,0.024617,0.059059,0.000000,0.000000,0.000000,0.000000,0.000000,0.000000,0.000000,0.000000,0.000000,0.000000,0.000000,0.000000,0.000000,0.000000,0.000000,0.000000,0.000000,0.000000,0.000000,0.000000,0.000000,0.000000,0.000000,0.000000,0.000000,0.000000,0.000000,0.000000,0.000000,0.000000,0.000000,0.000000,0.000000,0.000000,0.000000,0.000000,0.000000,0.000000,0.000000,0.000000,0.000000,0.000000,0.000000,0.000000,0.000000,0.000000,0.000000,0.000000,0.000000,0.000000,0.000000,0.000000,0.000000,0.000000,0.000000,0.000000,0.000000,0.000000,0.000000,0.000000,0.000000,0.000000,-0.064455,-0.195499,-0.247400,-0.187381,-0.190118,-0.160991,-0.000000,-0.123114,0.168207,0.214163,0.127167,0.061304,0.050186,0.177823,0.000000,0.051742,0.093843,0.071941,-0.008682,-0.000000,-0.000000,-0.022931,-0.000000,-0.032081,-0.000000,-0.048343,-0.000000,-0.000000,0.000000,0.000000,0.000000,0.000000,0.000000
Thalamus_7,0.000000,0.000000,0.050347,0.061336,0.047474,0.018906,0.000000,0.034316,0.029369,0.078596,0.049515,0.075048,0.000000,0.000000,0.000000,0.000000,0.000000,0.000000,0.000000,0.000000,0.000000,0.000000,0.000000,0.000000,0.000000,0.000000,0.000000,0.000000,0.000000,0.000000,0.000000,0.000000,0.000000,0.000000,0.000000,0.000000,0.000000,0.000000,0.000000,0.000000,0.000000,0.000000,0.000000,0.000000,0.000000,0.000000,0.000000,0.000000,0.000000,0.000000,0.000000,0.000000,0.000000,0.000000,0.000000,0.000000,0.000000,0.000000,0.000000,0.000000,0.000000,0.000000,0.000000,0.000000,0.000000,0.000000,0.000000,0.000000,0.000000,0.000000,0.000000,0.000000,0.000000,0.000000,-0.138293,-0.227572,-0.113440,-0.236654,-0.454964,-0.214409,-0.230737,-0.198483,0.190753,0.228900,0.096217,0.176488,0.043770,0.114431,0.171521,0.000000,0.193315,0.207145,-0.036546,-0.000000,-0.029418,-0.000000,-0.034931,-0.034609,-0.000000,-0.020322,-0.023778,-0.043172,0.000000,0.000000,0.000000,0.000000,0.000000
Thalamus_8,0.000000,0.000000,0.053373,0.007053,0.031888,0.040368,0.000000,0.023815,0.010060,0.026275,0.021112,0.008599,0.000000,0.000000,0.000000,0.000000,0.000000,0.000000,0.000000,0.000000,0.000000,0.000000,0.000000,0.000000,0.000000,0.000000,0.000000,0.000000,0.000000,0.000000,0.000000,0.000000,0.000000,0.000000,0.000000,0.000000,0.000000,0.000000,0.000000,0.000000,0.000000,0.000000,0.000000,0.000000,0.000000,0.000000,0.000000,0.000000,0.000000,0.000000,0.000000,0.000000,0.000000,0.000000,0.000000,0.000000,0.000000,0.000000,0.000000,0.000000,0.000000,0.000000,0.000000,0.000000,0.000000,0.000000,0.000000,0.000000,0.000000,0.000000,0.000000,0.000000,0.000000,0.000000,-0.213363,-0.118137,-0.089506,-0.167256,-0.223387,-0.147702,-0.366218,-0.237240,0.063844,0.271732,0.023784,0.062417,0.075718,0.154227,0.036597,0.050253,0.000000,0.030175,-0.014704,-0.043775,-0.000000,-0.035740,-0.000000,-0.000000,-0.000000,-0.000000,-0.000000,-0.113255,0.000000,0.000000,0.000000,0.000000,0.000000
Thalamus_9,0.000000,0.000000,0.043709,0.035852,0.019483,0.042879,0.036205,0.023029,0.015638,0.049975,0.040589,0.080516,0.000000,0.000000,0.000000,0.000000,0.000000,0.000000,0.000000,0.000000,0.000000,0.000000,0.000000,0.000000,0.000000,0.000000,0.000000,0.000000,0.000000,0.000000,0.000000,0.000000,0.000000,0.000000,0.000000,0.000000,0.000000,0.000000,0.000000,0.000000,0.000000,0.000000,0.000000,0.000000,0.000000,0.000000,0.000000,0.000000,0.000000,0.000000,0.000000,0.000000,0.000000,0.000000,0.000000,0.000000,0.000000,0.000000,0.000000,0.000000,0.000000,0.000000,0.000000,0.000000,0.000000,0.000000,0.000000,0.000000,0.000000,0.000000,0.000000,0.000000,0.000000,0.000000,-0.141363,-0.111385,-0.265316,-0.126041,-0.428640,-0.140109,-0.151439,-0.251524,0.061571,0.093043,0.072319,0.134405,0.117475,0.143331,0.028084,0.362794,0.066614,0.000000,-0.000000,-0.000000,-0.040497,-0.023314,-0.016164,-0.023057,-0.000000,-0.000000,-0.000000,-0.000000,0.000000,0.000000,0.000000,0.000000,0.000000
Thalamus_10,0.000000,0.000000,0.024411,0.023182,0.056620,0.025991,0.038716,0.048614,0.067848,0.014712,0.000000,0.019877,0.000000,0.000000,0.000000,0.000000,0.000000,0.000000,0.000000,0.000000,0.000000,0.000000,0.000000,0.000000,0.000000,0.000000,0.000000,0.000000,0.000000,0.000000,0.000000,0.000000,0.000000,0.000000,0.000000,0.000000,0.000000,0.000000,0.000000,0.000000,0.000000,0.000000,0.000000,0.000000,0.000000,0.000000,0.000000,0.000000,0.000000,0.000000,0.000000,0.000000,0.000000,0.000000,0.000000,0.000000,0.000000,0.000000,0.000000,0.000000,0.000000,0.000000,0.000000,0.000000,0.000000,0.000000,0.000000,0.000000,0.000000,0.000000,0.000000,0.000000,0.000000,0.000000,-0.059225,-0.068411,-0.000000,-0.094307,-0.000000,-0.023682,-0.000000,-0.083742,0.000000,0.036275,0.005816,0.000000,0.088047,0.000000,0.044525,0.000000,0.000000,0.000000,-0.000000,-0.022717,-0.065600,-0.025234,-0.111363,-0.041767,-0.033084,-0.055173,-0.046733,-0.126254,0.000000,0.000000,0.000000,0.000000,0.000000
Thalamus_11,0.000000,0.000000,0.002872,0.000000,0.023520,0.000000,0.016733,0.009740,0.000000,0.018392,0.000000,0.035286,0.000000,0.000000,0.000000,0.000000,0.000000,0.000000,0.000000,0.000000,0.000000,0.000000,0.000000,0.000000,0.000000,0.000000,0.000000,0.000000,0.000000,0.000000,0.000000,0.000000,0.000000,0.000000,0.000000,0.000000,0.000000,0.000000,0.000000,0.000000,0.000000,0.000000,0.000000,0.000000,0.000000,0.000000,0.000000,0.000000,0.000000,0.000000,0.000000,0.000000,0.000000,0.000000,0.000000,0.000000,0.000000,0.000000,0.000000,0.000000,0.000000,0.000000,0.000000,0.000000,0.000000,0.000000,0.000000,0.000000,0.000000,0.000000,0.000000,0.000000,0.000000,0.000000,-0.053568,-0.175356,-0.237221,-0.070954,-0.014482,-0.100904,-0.122532,-0.102621,0.000000,0.000000,0.000000,0.028090,0.000000,0.000000,0.000000,0.000000,0.000000,0.000000,-0.030274,-0.000000,-0.035517,-0.065394,-0.167642,-0.084726,-0.019981,-0.050934,-0.082525,-0.046815,0.000000,0.000000,0.000000,0.000000,0.000000
Thalamus_12,0.000000,0.000000,0.000000,0.000000,0.050420,0.052566,0.054223,0.000000,0.052528,0.020818,0.000000,0.000000,0.000000,0.000000,0.000000,0.000000,0.000000,0.000000,0.000000,0.000000,0.000000,0.000000,0.000000,0.000000,0.000000,0.000000,0.000000,0.000000,0.000000,0.000000,0.000000,0.000000,0.000000,0.000000,0.000000,0.000000,0.000000,0.000000,0.000000,0.000000,0.000000,0.000000,0.000000,0.000000,0.000000,0.000000,0.000000,0.000000,0.000000,0.000000,0.000000,0.000000,0.000000,0.000000,0.000000,0.000000,0.000000,0.000000,0.000000,0.000000,0.000000,0.000000,0.000000,0.000000,0.000000,0.000000,0.000000,0.000000,0.000000,0.000000,0.000000,0.000000,0.000000,0.000000,-0.007820,-0.074133,-0.018280,-0.007462,-0.021420,-0.014335,-0.000000,-0.009743,0.000000,0.000000,0.000000,0.000000,0.000000,0.000000,0.000000,0.038691,0.000000,0.063816,-0.041206,-0.024950,-0.000000,-0.031094,-0.116438,-0.020028,-0.065081,-0.086249,-0.076919,-0.033262,0.000000,0.000000,0.000000,0.000000,0.000000
Thalamus_13,0.000000,0.000000,0.001944,0.000000,0.036613,0.000000,0.000000,0.013404,0.000000,0.024854,0.017791,0.044020,0.000000,0.000000,0.000000,0.000000,0.000000,0.000000,0.000000,0.000000,0.000000,0.000000,0.000000,0.000000,0.000000,0.000000,0.000000,0.000000,0.000000,0.000000,0.000000,0.000000,0.000000,0.000000,0.000000,0.000000,0.000000,0.000000,0.000000,0.000000,0.000000,0.000000,0.000000,0.000000,0.000000,0.000000,0.000000,0.000000,0.000000,0.000000,0.000000,0.000000,0.000000,0.000000,0.000000,0.000000,0.000000,0.000000,0.000000,0.000000,0.000000,0.000000,0.000000,0.000000,0.000000,0.000000,0.000000,0.000000,0.000000,0.000000,0.000000,0.000000,0.000000,0.000000,-0.097195,-0.000000,-0.083882,-0.000000,-0.026938,-0.025147,-0.000000,-0.000000,0.000000,0.079619,0.000000,0.000000,0.000000,0.050252,0.000000,0.000000,0.000000,0.009008,-0.077162,-0.029314,-0.060511,-0.000000,-0.032491,-0.031942,-0.047619,-0.034928,-0.037724,-0.040975,0.000000,0.000000,0.000000,0.000000,0.000000
Thalamus_14,0.000000,0.000000,0.007393,0.040548,0.000000,0.000000,0.011310,0.032528,0.023902,0.063190,0.042775,0.005177,0.000000,0.000000,0.000000,0.000000,0.000000,0.000000,0.000000,0.000000,0.000000,0.000000,0.000000,0.000000,0.000000,0.000000,0.000000,0.000000,0.000000,0.000000,0.000000,0.000000,0.000000,0.000000,0.000000,0.000000,0.000000,0.000000,0.000000,0.000000,0.000000,0.000000,0.000000,0.000000,0.000000,0.000000,0.000000,0.000000,0.000000,0.000000,0.000000,0.000000,0.000000,0.000000,0.000000,0.000000,0.000000,0.000000,0.000000,0.000000,0.000000,0.000000,0.000000,0.000000,0.000000,0.000000,0.000000,0.000000,0.000000,0.000000,0.000000,0.000000,0.000000,0.000000,-0.019353,-0.000000,-0.024007,-0.004108,-0.003751,-0.142936,-0.000000,-0.000000,0.029965,0.000000,0.000000,0.000000,0.000000,0.086915,0.004699,0.000000,0.000000,0.000000,-0.096942,-0.025589,-0.063604,-0.046942,-0.000000,-0.020956,-0.049714,-0.044946,-0.070714,-0.074548,0.000000,0.000000,0.000000,0.000000,0.000000
Thalamus_15,0.000000,0.000000,0.009529,0.000000,0.000000,0.021121,0.044284,0.000000,0.029306,0.010925,0.000000,0.015475,0.000000,0.000000,0.000000,0.000000,0.000000,0.000000,0.000000,0.000000,0.000000,0.000000,0.000000,0.000000,0.000000,0.000000,0.000000,0.000000,0.000000,0.000000,0.000000,0.000000,0.000000,0.000000,0.000000,0.000000,0.000000,0.000000,0.000000,0.000000,0.000000,0.000000,0.000000,0.000000,0.000000,0.000000,0.000000,0.000000,0.000000,0.000000,0.000000,0.000000,0.000000,0.000000,0.000000,0.000000,0.000000,0.000000,0.000000,0.000000,0.000000,0.000000,0.000000,0.000000,0.000000,0.000000,0.000000,0.000000,0.000000,0.000000,0.000000,0.000000,0.000000,0.000000,-0.122509,-0.125240,-0.040920,-0.176432,-0.000000,-0.040980,-0.125828,-0.005600,0.000000,0.000000,0.000000,0.000000,0.000000,0.000000,0.011322,0.000000,0.000000,0.000000,-0.100979,-0.041100,-0.030166,-0.022500,-0.079032,-0.000000,-0.018929,-0.078668,-0.061305,-0.057530,0.000000,0.000000,0.000000,0.000000,0.000000
Thalamus_16,0.000000,0.000000,0.000000,0.004740,0.004649,0.000000,0.040902,0.041034,0.012896,0.000000,0.000000,0.000000,0.000000,0.000000,0.000000,0.000000,0.000000,0.000000,0.000000,0.000000,0.000000,0.000000,0.000000,0.000000,0.000000,0.000000,0.000000,0.000000,0.000000,0.000000,0.000000,0.000000,0.000000,0.000000,0.000000,0.000000,0.000000,0.000000,0.000000,0.000000,0.000000,0.000000,0.000000,0.000000,0.000000,0.000000,0.000000,0.000000,0.000000,0.000000,0.000000,0.000000,0.000000,0.000000,0.000000,0.000000,0.000000,0.000000,0.000000,0.000000,0.000000,0.000000,0.000000,0.000000,0.000000,0.000000,0.000000,0.000000,0.000000,0.000000,0.000000,0.000000,0.000000,0.000000,-0.061406,-0.063738,-0.097616,-0.160778,-0.203504,-0.065315,-0.057504,-0.117429,0.000000,0.014863,0.030420,0.037649,0.000000,0.000000,0.026289,0.000000,0.000000,0.089602,-0.024892,-0.032454,-0.036163,-0.045251,-0.078055,-0.102321,-0.000000,-0.035377,-0.069329,-0.021068,0.000000,0.000000,0.000000,0.000000,0.000000
Thalamus_17,0.000000,0.000000,0.000000,0.002042,0.017623,0.035476,0.005812,0.000000,0.000000,0.000000,0.002418,0.000000,0.000000,0.000000,0.000000,0.000000,0.000000,0.000000,0.000000,0.000000,0.000000,0.000000,0.000000,0.000000,0.000000,0.000000,0.000000,0.000000,0.000000,0.000000,0.000000,0.000000,0.000000,0.000000,0.000000,0.000000,0.000000,0.000000,0.000000,0.000000,0.000000,0.000000,0.000000,0.000000,0.000000,0.000000,0.000000,0.000000,0.000000,0.000000,0.000000,0.000000,0.000000,0.000000,0.000000,0.000000,0.000000,0.000000,0.000000,0.000000,0.000000,0.000000,0.000000,0.000000,0.000000,0.000000,0.000000,0.000000,0.000000,0.000000,0.000000,0.000000,0.000000,0.000000,-0.205705,-0.033118,-0.007331,-0.053121,-0.135615,-0.164173,-0.120971,-0.020212,0.000000,0.000000,0.020600,0.000000,0.011008,0.000000,0.000000,0.000000,0.000000,0.000000,-0.062240,-0.029131,-0.064896,-0.043819,-0.037491,-0.026536,-0.073468,-0.000000,-0.056683,-0.055927,0.000000,0.000000,0.000000,0.000000,0.000000
Thalamus_18,0.000000,0.000000,0.000000,0.076785,0.012921,0.000000,0.003299,0.025580,0.000000,0.000000,0.000000,0.004023,0.000000,0.000000,0.000000,0.000000,0.000000,0.000000,0.000000,0.000000,0.000000,0.000000,0.000000,0.000000,0.000000,0.000000,0.000000,0.000000,0.000000,0.000000,0.000000,0.000000,0.000000,0.000000,0.000000,0.000000,0.000000,0.000000,0.000000,0.000000,0.000000,0.000000,0.000000,0.000000,0.000000,0.000000,0.000000,0.000000,0.000000,0.000000,0.000000,0.000000,0.000000,0.000000,0.000000,0.000000,0.000000,0.000000,0.000000,0.000000,0.000000,0.000000,0.000000,0.000000,0.000000,0.000000,0.000000,0.000000,0.000000,0.000000,0.000000,0.000000,0.000000,0.000000,-0.135961,-0.192887,-0.147648,-0.158183,-0.028670,-0.125293,-0.044261,-0.000000,0.000000,0.000000,0.000000,0.000000,0.000000,0.000000,0.000000,0.000000,0.032786,0.047924,-0.053619,-0.050948,-0.060166,-0.061173,-0.032819,-0.033370,-0.097521,-0.039601,-0.000000,-0.042647,0.000000,0.000000,0.000000,0.000000,0.000000
Thalamus_19,0.000000,0.000000,0.054962,0.033231,0.045299,0.000000,0.031292,0.034729,0.000000,0.059908,0.000000,0.000000,0.000000,0.000000,0.000000,0.000000,0.000000,0.000000,0.000000,0.000000,0.000000,0.000000,0.000000,0.000000,0.000000,0.000000,0.000000,0.000000,0.000000,0.000000,0.000000,0.000000,0.000000,0.000000,0.000000,0.000000,0.000000,0.000000,0.000000,0.000000,0.000000,0.000000,0.000000,0.000000,0.000000,0.000000,0.000000,0.000000,0.000000,0.000000,0.000000,0.000000,0.000000,0.000000,0.000000,0.000000,0.000000,0.000000,0.000000,0.000000,0.000000,0.000000,0.000000,0.000000,0.000000,0.000000,0.000000,0.000000,0.000000,0.000000,0.000000,0.000000,0.000000,0.000000,-0.118691,-0.000000,-0.030086,-0.000000,-0.000000,-0.019594,-0.000000,-0.000000,0.000000,0.000000,0.000000,0.043302,0.016720,0.034644,0.020049,0.017367,0.000000,0.010504,-0.072348,-0.020759,-0.057320,-0.095409,-0.027098,-0.053711,-0.060316,-0.049152,-0.106794,-0.000000,0.000000,0.000000,0.000000,0.000000,0.000000
Medulla_0,0.000000,0.000000,0.000000,0.000000,0.000000,0.000000,0.000000,0.000000,0.000000,0.000000,0.000000,0.000000,0.134853,0.016479,0.292865,0.059652,0.044601,0.020495,0.163250,0.071986,0.176600,0.030017,0.000000,0.000000,0.000000,0.000000,0.000000,0.000000,0.000000,0.000000,0.000000,0.000000,0.000000,0.000000,0.000000,0.000000,0.000000,0.000000,0.000000,0.000000,0.000000,0.000000,0.000000,0.000000,0.000000,0.000000,0.000000,0.000000,0.000000,0.000000,0.000000,0.000000,0.000000,0.000000,0.000000,0.000000,0.000000,0.000000,0.000000,0.000000,0.000000,0.000000,0.000000,0.000000,0.000000,0.000000,0.000000,0.000000,0.000000,0.000000,0.000000,0.000000,0.000000,0.000000,0.000000,0.000000,0.000000,0.000000,0.000000,0.000000,0.000000,0.000000,0.000000,0.000000,0.000000,0.000000,0.000000,0.000000,0.000000,0.000000,0.000000,0.000000,0.000000,0.000000,0.000000,0.000000,0.000000,0.000000,0.000000,0.000000,0.000000,0.000000,0.716598,0.363285,-0.000000,-0.000000,0.000000
Medulla_1,0.000000,0.000000,0.000000,0.000000,0.000000,0.000000,0.000000,0.000000,0.000000,0.000000,0.000000,0.000000,0.009913,0.034003,0.183101,0.191300,0.046289,0.026967,0.019215,0.108440,0.032751,0.031603,0.000000,0.000000,0.000000,0.000000,0.000000,0.000000,0.000000,0.000000,0.000000,0.000000,0.000000,0.000000,0.000000,0.000000,0.000000,0.000000,0.000000,0.000000,0.000000,0.000000,0.000000,0.000000,0.000000,0.000000,0.000000,0.000000,0.000000,0.000000,0.000000,0.000000,0.000000,0.000000,0.000000,0.000000,0.000000,0.000000,0.000000,0.000000,0.000000,0.000000,0.000000,0.000000,0.000000,0.000000,0.000000,0.000000,0.000000,0.000000,0.000000,0.000000,0.000000,0.000000,0.000000,0.000000,0.000000,0.000000,0.000000,0.000000,0.000000,0.000000,0.000000,0.000000,0.000000,0.000000,0.000000,0.000000,0.000000,0.000000,0.000000,0.000000,0.000000,0.000000,0.000000,0.000000,0.000000,0.000000,0.000000,0.000000,0.000000,0.000000,0.363285,0.458687,-0.000000,-0.000000,0.000000
Medulla_2,0.000000,0.000000,0.000000,0.000000,0.000000,0.000000,0.000000,0.000000,0.000000,0.000000,0.000000,0.000000,0.000000,0.000000,0.000000,0.000000,0.000000,0.000000,0.000000,0.000000,0.000000,0.000000,0.000000,0.000000,0.000000,0.000000,0.000000,0.000000,0.000000,0.000000,0.000000,0.000000,0.000000,0.000000,0.000000,0.000000,0.000000,0.000000,0.000000,0.000000,0.000000,0.000000,0.000000,0.000000,0.000000,0.000000,0.000000,0.000000,0.000000,0.000000,0.000000,0.000000,0.000000,0.000000,0.000000,0.000000,0.000000,0.000000,0.000000,0.000000,0.000000,0.000000,0.000000,0.000000,0.000000,0.000000,0.000000,0.000000,0.000000,0.000000,0.000000,0.000000,0.000000,0.000000,0.000000,0.000000,0.000000,0.000000,0.000000,0.000000,0.000000,0.000000,0.000000,0.000000,0.000000,0.000000,0.000000,0.000000,0.000000,0.000000,0.000000,0.000000,0.000000,0.000000,0.000000,0.000000,0.000000,0.000000,0.000000,0.000000,0.000000,0.000000,0.260957,0.149828,-0.000000,-0.000000,0.000000
Medulla_3,0.000000,0.000000,0.000000,0.000000,0.000000,0.000000,0.000000,0.000000,0.000000,0.000000,0.000000,0.000000,0.000000,0.000000,0.000000,0.000000,0.000000,0.000000,0.000000,0.000000,0.000000,0.000000,0.000000,0.000000,0.000000,0.000000,0.000000,0.000000,0.000000,0.000000,0.000000,0.000000,0.000000,0.000000,0.000000,0.000000,0.000000,0.000000,0.000000,0.000000,0.000000,0.000000,0.000000,0.000000,0.000000,0.000000,0.000000,0.000000,0.000000,0.000000,0.000000,0.000000,0.000000,0.000000,0.000000,0.000000,0.000000,0.000000,0.000000,0.000000,0.000000,0.000000,0.000000,0.000000,0.000000,0.000000,0.000000,0.000000,0.000000,0.000000,0.000000,0.000000,0.000000,0.000000,0.000000,0.000000,0.000000,0.000000,0.000000,0.000000,0.000000,0.000000,0.000000,0.000000,0.000000,0.000000,0.000000,0.000000,0.000000,0.000000,0.000000,0.000000,0.000000,0.000000,0.000000,0.000000,0.000000,0.000000,0.000000,0.000000,0.000000,0.000000,0.149828,0.377449,-0.000000,-0.000000,0.000000
Output_0,0.000000,0.000000,0.000000,0.000000,0.000000,0.000000,0.000000,0.000000,0.000000,0.000000,0.000000,0.000000,0.000000,0.000000,0.000000,0.000000,0.000000,0.000000,0.000000,0.000000,0.000000,0.000000,0.000000,0.000000,0.000000,0.000000,0.000000,0.000000,0.000000,0.000000,0.000000,0.000000,0.000000,0.000000,0.000000,0.000000,0.000000,0.000000,0.000000,0.000000,0.000000,0.000000,0.000000,0.000000,0.000000,0.000000,0.000000,0.000000,0.000000,0.000000,0.000000,0.000000,0.000000,0.000000,0.000000,0.000000,0.000000,0.000000,0.000000,0.000000,0.000000,0.000000,0.000000,0.000000,0.000000,0.000000,0.000000,0.000000,0.000000,0.000000,0.000000,0.000000,0.000000,0.000000,0.000000,0.000000,0.000000,0.000000,0.000000,0.000000,0.000000,0.000000,0.000000,0.000000,0.000000,0.000000,0.000000,0.000000,0.000000,0.000000,0.000000,0.000000,0.000000,0.000000,0.000000,0.000000,0.000000,0.000000,0.000000,0.000000,0.000000,0.000000,0.199961,0.180934,0.000000,0.000000,0.000000
