,Input_0,Adenosine_0,Cortex_0,Cortex_1,Cortex_2,Cortex_3,Cortex_4,Cortex_5,Cortex_6,Cortex_7,Cortex_8,Cortex_9,Cortex_10,Cortex_11,Cortex_12,Cortex_13,Cortex_14,Cortex_15,Cortex_16,Cortex_17,Cortex_18,Cortex_19,Cortex_20,Cortex_21,Cortex_22,Cortex_23,Cortex_24,Cortex_25,Cortex_26,Cortex_27,Cortex_28,Cortex_29,Cortex_30,Cortex_31,Cortex_32,Cortex_33,Cortex_34,Cortex_35,Cortex_36,Cortex_37,Cortex_38,Cortex_39,D1_0,D1_1,D1_2,D1_3,D1_4,D1_5,D1_6,D1_7,D1_8,D1_9,D2_0,D2_1,D2_2,D2_3,D2_4,D2_5,D2_6,D2_7,D2_8,D2_9,SNc_0,SNc_1,SNc_2,SNc_3,SNc_4,SNc_5,GPe_0,GPe_1,GPe_2,GPe_3,GPe_4,GPe_5,SNr_0,SNr_1,SNr_2,SNr_3,SNr_4,SNr_5,SNr_6,SNr_7,Thalamus_0,Thalamus_1,Thalamus_2,Thalamus_3,Thalamus_4,Thalamus_5,Thalamus_6,Thalamus_7,Thalamus_8,Thalamus_9,Thalamus_10,Thalamus_11,Thalamus_12,Thalamus_13,Thalamus_14,Thalamus_15,Thalamus_16,Thalamus_17,Thalamus_18,Thalamus_19,Medulla_0,Medulla_1,Medulla_2,Medulla_3,Output_0
Input_0,0.000000,0.000000,0.000000,0.000000,0.000000,0.000000,0.000000,0.000000,0.000000,0.000000,0.000000,0.000000,0.000000,0.000000,0.000000,0.000000,0.000000,0.000000,0.000000,0.000000,0.000000,0.000000,0.000000,0.000000,0.000000,0.000000,0.000000,0.000000,0.000000,0.000000,0.000000,0.000000,0.000000,0.000000,0.000000,0.000000,0.000000,0.000000,0.000000,0.000000,0.000000,0.000000,0.000000,0.000000,0.000000,0.000000,0.000000,0.000000,0.000000,0.000000,0.000000,0.000000,0.000000,0.000000,0.000000,0.000000,0.000000,0.000000,0.000000,0.000000,0.000000,0.000000,0.000000,0.000000,0.000000,0.000000,0.000000,0.000000,0.000000,0.000000,0.000000,0.000000,0.000000,0.000000,0.000000,0.000000,0.000000,0.000000,0.000000,0.000000,0.000000,0.000000,0.000000,0.000000,0.000000,0.000000,0.000000,0.000000,0.000000,0.000000,0.000000,0.000000,0.000000,0.000000,0.000000,0.000000,0.000000,0.000000,0.000000,0.000000,0.000000,0.000000,0.000000,0.000000,0.000000,0.000000,0.000000
Adenosine_0,0.000000,0.000000,0.000000,0.000000,0.000000,0.000000,0.000000,0.000000,0.000000,0.000000,0.000000,0.000000,0.000000,0.000000,0.000000,0.000000,0.000000,0.000000,0.000000,0.000000,0.000000,0.000000,0.000000,0.000000,0.000000,0.000000,0.000000,0.000000,0.000000,0.000000,0.000000,0.000000,0.000000,0.000000,0.000000,0.000000,0.000000,0.000000,0.000000,0.000000,0.000000,0.000000,0.000000,0.000000,0.000000,0.000000,0.000000,0.000000,0.000000,0.000000,0.000000,0.000000,0.000000,0.000000,0.000000,0.000000,0.000000,0.000000,0.000000,0.000000,0.000000,0.000000,0.000000,0.000000,0.000000,0.000000,0.000000,0.000000,0.000000,0.000000,0.000000,0.000000,0.000000,0.000000,0.000000,0.000000,0.000000,0.000000,0.000000,0.000000,0.000000,0.000000,0.000000,0.000000,0.000000,0.000000,0.000000,0.000000,0.000000,0.000000,0.000000,0.000000,0.000000,0.000000,0.000000,0.000000,0.000000,0.000000,0.000000,0.000000,0.000000,0.000000,0.000000,0.000000,0.000000,0.000000,0.000000
Cortex_0,-0.001145,0.000000,0.000000,0.129184,0.144128,0.080462,0.106804,0.104471,0.170539,0.076575,0.063649,0.199435,0.089539,0.174011,0.050440,0.046698,0.118559,0.040695,0.093746,0.043581,0.086367,0.058910,-0.016271,-0.001066,-0.003950,-0.046564,-0.338428,-0.002096,-0.172591,-0.003603,-0.000698,-0.306967,-0.346187,-0.321719,-0.016289,-0.013932,-0.047534,-0.043563,-0.158848,-0.191949,-0.223894,-0.322486,0.000000,0.000000,0.000000,0.000000,0.000000,0.000000,0.000000,0.000000,0.000000,0.000000,0.000000,0.000000,0.000000,0.000000,0.000000,0.000000,0.000000,0.000000,0.000000,0.000000,0.000000,0.000000,0.000000,0.000000,0.000000,0.000000,0.000000,0.000000,0.000000,0.000000,0.000000,0.000000,0.000000,0.000000,0.000000,0.000000,0.000000,0.000000,0.000000,0.000000,0.132551,0.111192,0.295689,0.021374,0.000840,0.000211,0.194279,0.147722,0.106687,0.018846,0.000000,0.000000,0.000000,0.000000,0.000000,0.000000,0.000000,0.000000,0.000000,0.000000,0.000000,0.000000,0.000000,0.000000,0.000000
Cortex_1,-0.000061,0.000000,0.071564,0.000000,0.054233,0.020012,0.154186,0.015961,0.089200,0.031643,0.167768,0.033450,0.105542,0.213936,0.024770,0.026727,0.027819,0.023704,0.146845,0.022296,0.165883,0.023900,-0.065350,-0.043942,-0.004506,-0.079838,-0.350194,-0.000254,-0.211198,-0.014720,-0.015619,-0.343089,-0.355309,-0.338157,-0.018508,-0.023768,-0.076627,-0.079990,-0.181720,-0.223405,-0.263496,-0.339613,0.000000,0.000000,0.000000,0.000000,0.000000,0.000000,0.000000,0.000000,0.000000,0.000000,0.000000,0.000000,0.000000,0.000000,0.000000,0.000000,0.000000,0.000000,0.000000,0.000000,0.000000,0.000000,0.000000,0.000000,0.000000,0.000000,0.000000,0.000000,0.000000,0.000000,0.000000,0.000000,0.000000,0.000000,0.000000,0.000000,0.000000,0.000000,0.000000,0.000000,0.177723,0.102414,0.399007,0.050110,0.001107,0.000522,0.229519,0.204279,0.254628,0.058510,0.000000,0.000000,0.000000,0.000000,0.000000,0.000000,0.000000,0.000000,0.000000,0.000000,0.000000,0.000000,0.000000,0.000000,0.000000
Cortex_2,1.429676,0.000000,0.327428,0.155716,0.000000,0.108469,0.058197,0.110793,0.223662,0.197927,0.164561,0.133116,0.388573,0.284911,0.115549,0.268592,0.192821,0.184020,0.132599,0.308481,0.331573,0.152547,-0.044825,-0.001386,-0.002085,-0.001419,-0.035270,-0.006684,-0.002352,-0.078355,-0.000307,-0.006168,-0.007819,-0.037067,-0.064810,-0.120008,-0.070398,-0.003487,-0.001382,-0.000492,-0.003156,-0.056326,0.000000,0.000000,0.000000,0.000000,0.000000,0.000000,0.000000,0.000000,0.000000,0.000000,0.000000,0.000000,0.000000,0.000000,0.000000,0.000000,0.000000,0.000000,0.000000,0.000000,0.000000,0.000000,0.000000,0.000000,0.000000,0.000000,0.000000,0.000000,0.000000,0.000000,0.000000,0.000000,0.000000,0.000000,0.000000,0.000000,0.000000,0.000000,0.000000,0.000000,0.004640,0.002183,0.027947,0.002070,0.001559,0.000080,0.004221,0.004803,0.004247,0.003480,0.000000,0.000000,0.000000,0.000000,0.000000,0.000000,0.000000,0.000000,0.000000,0.000000,0.000000,0.000000,0.000000,0.000000,0.000000
Cortex_3,0.579905,0.000000,0.146808,0.204250,0.233091,0.000000,0.198690,0.397436,0.187707,0.216762,0.399354,0.214035,0.136761,0.156951,0.256550,0.200546,0.194291,0.245382,0.203685,0.362232,0.281851,0.200329,-0.000813,-0.001881,-0.001157,-0.019412,-0.000556,-0.000368,-0.002032,-0.000294,-0.005025,-0.000272,-0.001306,-0.000063,-0.002096,-0.001445,-0.000821,-0.033706,-0.004399,-0.000935,-0.000510,-0.001142,0.000000,0.000000,0.000000,0.000000,0.000000,0.000000,0.000000,0.000000,0.000000,0.000000,0.000000,0.000000,0.000000,0.000000,0.000000,0.000000,0.000000,0.000000,0.000000,0.000000,0.000000,0.000000,0.000000,0.000000,0.000000,0.000000,0.000000,0.000000,0.000000,0.000000,0.000000,0.000000,0.000000,0.000000,0.000000,0.000000,0.000000,0.000000,0.000000,0.000000,0.037732,0.131743,0.006795,0.093271,0.007121,0.000988,0.061713,0.083661,0.001379,0.038841,0.000000,0.000000,0.000000,0.000000,0.000000,0.000000,0.000000,0.000000,0.000000,0.000000,0.000000,0.000000,0.000000,0.000000,0.000000
Cortex_4,0.000283,0.000000,0.023357,0.060096,0.002541,0.000579,0.000000,0.001476,0.115794,0.074262,0.002417,0.010987,0.010178,0.073118,0.185803,0.086856,0.056754,0.001527,0.019083,0.002184,0.060420,0.042415,-0.006215,-0.056408,-0.027774,-0.254183,-0.147981,-0.000437,-0.314110,-0.001671,-0.027001,-0.194091,-0.198933,-0.191302,-0.002008,-0.001464,-0.028878,-0.259586,-0.194702,-0.178714,-0.199884,-0.164937,0.000000,0.000000,0.000000,0.000000,0.000000,0.000000,0.000000,0.000000,0.000000,0.000000,0.000000,0.000000,0.000000,0.000000,0.000000,0.000000,0.000000,0.000000,0.000000,0.000000,0.000000,0.000000,0.000000,0.000000,0.000000,0.000000,0.000000,0.000000,0.000000,0.000000,0.000000,0.000000,0.000000,0.000000,0.000000,0.000000,0.000000,0.000000,0.000000,0.000000,0.302027,0.217256,0.329284,0.190975,0.000608,0.001008,0.323689,0.303418,0.091435,0.149174,0.000000,0.000000,0.000000,0.000000,0.000000,0.000000,0.000000,0.000000,0.000000,0.000000,0.000000,0.000000,0.000000,0.000000,0.000000
Cortex_5,1.026932,0.000000,0.289660,0.171828,0.368062,0.648188,0.101562,0.000000,0.328347,0.399028,0.433573,0.393604,0.330191,0.292952,0.264278,0.235486,0.229658,0.356156,0.317601,0.471234,0.297304,0.550477,-0.000140,-0.001527,-0.001599,-0.011396,-0.000769,-0.000498,-0.002076,-0.002411,-0.003879,-0.001038,-0.000285,-0.001012,-0.001623,-0.002365,-0.000167,-0.021444,-0.002609,-0.001447,-0.000962,-0.000164,0.000000,0.000000,0.000000,0.000000,0.000000,0.000000,0.000000,0.000000,0.000000,0.000000,0.000000,0.000000,0.000000,0.000000,0.000000,0.000000,0.000000,0.000000,0.000000,0.000000,0.000000,0.000000,0.000000,0.000000,0.000000,0.000000,0.000000,0.000000,0.000000,0.000000,0.000000,0.000000,0.000000,0.000000,0.000000,0.000000,0.000000,0.000000,0.000000,0.000000,0.008591,0.123888,0.003904,0.091481,0.070152,0.019193,0.027129,0.062465,0.001554,0.024707,0.000000,0.000000,0.000000,0.000000,0.000000,0.000000,0.000000,0.000000,0.000000,0.000000,0.000000,0.000000,0.000000,0.000000,0.000000
Cortex_6,-0.000362,0.000000,0.081791,0.249771,0.107312,0.036320,0.073084,0.074991,0.000000,0.049627,0.093541,0.075892,0.167705,0.042551,0.035409,0.039772,0.071701,0.154222,0.065103,0.067251,0.126698,0.036859,-0.058743,-0.001790,-0.001649,-0.060079,-0.355271,-0.001876,-0.191550,-0.002156,-0.000257,-0.313524,-0.353012,-0.333770,-0.014898,-0.007867,-0.082334,-0.067748,-0.168302,-0.216168,-0.263510,-0.341427,0.000000,0.000000,0.000000,0.000000,0.000000,0.000000,0.000000,0.000000,0.000000,0.000000,0.000000,0.000000,0.000000,0.000000,0.000000,0.000000,0.000000,0.000000,0.000000,0.000000,0.000000,0.000000,0.000000,0.000000,0.000000,0.000000,0.000000,0.000000,0.000000,0.000000,0.000000,0.000000,0.000000,0.000000,0.000000,0.000000,0.000000,0.000000,0.000000,0.000000,0.152491,0.091596,0.341293,0.034735,0.002644,0.000133,0.205958,0.178347,0.252878,0.086539,0.000000,0.000000,0.000000,0.000000,0.000000,0.000000,0.000000,0.000000,0.000000,0.000000,0.000000,0.000000,0.000000,0.000000,0.000000
Cortex_7,-0.000839,0.000000,0.080526,0.101628,0.146583,0.121603,0.157018,0.137049,0.103411,0.000000,0.076296,0.232057,0.236977,0.130325,0.084407,0.058641,0.059980,0.048073,0.071887,0.052304,0.133310,0.112330,-0.008463,-0.002810,-0.000853,-0.007836,-0.303832,-0.001934,-0.110929,-0.007520,-0.000166,-0.299659,-0.334256,-0.348923,-0.011845,-0.003262,-0.053399,-0.017456,-0.110693,-0.148619,-0.211067,-0.318794,0.000000,0.000000,0.000000,0.000000,0.000000,0.000000,0.000000,0.000000,0.000000,0.000000,0.000000,0.000000,0.000000,0.000000,0.000000,0.000000,0.000000,0.000000,0.000000,0.000000,0.000000,0.000000,0.000000,0.000000,0.000000,0.000000,0.000000,0.000000,0.000000,0.000000,0.000000,0.000000,0.000000,0.000000,0.000000,0.000000,0.000000,0.000000,0.000000,0.000000,0.163149,0.055651,0.240077,0.022713,0.000270,0.000857,0.157931,0.108341,0.074205,0.019480,0.000000,0.000000,0.000000,0.000000,0.000000,0.000000,0.000000,0.000000,0.000000,0.000000,0.000000,0.000000,0.000000,0.000000,0.000000
Cortex_8,0.402437,0.000000,0.147706,0.141374,0.176747,0.136577,0.000400,0.227180,0.190504,0.155699,0.000000,0.250898,0.218762,0.311256,0.337580,0.243582,0.275986,0.249618,0.212719,0.386537,0.288510,0.238820,-0.034073,-0.000866,-0.000435,-0.000338,-0.017157,-0.032194,-0.003023,-0.116866,-0.000924,-0.007858,-0.009659,-0.008955,-0.056728,-0.085930,-0.066974,-0.001684,-0.000945,-0.006634,-0.003859,-0.014229,0.000000,0.000000,0.000000,0.000000,0.000000,0.000000,0.000000,0.000000,0.000000,0.000000,0.000000,0.000000,0.000000,0.000000,0.000000,0.000000,0.000000,0.000000,0.000000,0.000000,0.000000,0.000000,0.000000,0.000000,0.000000,0.000000,0.000000,0.000000,0.000000,0.000000,0.000000,0.000000,0.000000,0.000000,0.000000,0.000000,0.000000,0.000000,0.000000,0.000000,0.002503,0.000356,0.000383,0.004108,0.000245,0.000147,0.001055,0.000783,0.003918,0.004549,0.000000,0.000000,0.000000,0.000000,0.000000,0.000000,0.000000,0.000000,0.000000,0.000000,0.000000,0.000000,0.000000,0.000000,0.000000
Cortex_9,0.172570,0.000000,0.326154,0.195877,0.164143,0.069582,0.121552,0.146154,0.179427,0.186577,0.229617,0.000000,0.198365,0.174267,0.192849,0.156302,0.091031,0.121555,0.094769,0.055070,0.077514,0.048604,-0.034888,-0.001425,-0.002222,-0.013353,-0.221063,-0.001482,-0.096801,-0.019748,-0.000855,-0.280440,-0.267932,-0.267056,-0.021096,-0.022793,-0.073060,-0.012195,-0.118683,-0.115189,-0.125442,-0.243157,0.000000,0.000000,0.000000,0.000000,0.000000,0.000000,0.000000,0.000000,0.000000,0.000000,0.000000,0.000000,0.000000,0.000000,0.000000,0.000000,0.000000,0.000000,0.000000,0.000000,0.000000,0.000000,0.000000,0.000000,0.000000,0.000000,0.000000,0.000000,0.000000,0.000000,0.000000,0.000000,0.000000,0.000000,0.000000,0.000000,0.000000,0.000000,0.000000,0.000000,0.090116,0.017583,0.229584,0.009419,0.000986,0.000068,0.109898,0.054457,0.016993,0.015589,0.000000,0.000000,0.000000,0.000000,0.000000,0.000000,0.000000,0.000000,0.000000,0.000000,0.000000,0.000000,0.000000,0.000000,0.000000
Cortex_10,-0.001760,0.000000,0.059967,0.276480,0.000669,0.055966,0.343508,0.003076,0.305573,0.113219,0.001861,0.080013,0.000000,0.076707,0.065895,0.022656,0.203979,0.046510,0.014534,0.038351,0.188273,0.090550,-0.051857,-0.002238,-0.008913,-0.004193,-0.114390,-0.001545,-0.018590,-0.030371,-0.008836,-0.107822,-0.095115,-0.115908,-0.034462,-0.041639,-0.086351,-0.006242,-0.005912,-0.028191,-0.071530,-0.104712,0.000000,0.000000,0.000000,0.000000,0.000000,0.000000,0.000000,0.000000,0.000000,0.000000,0.000000,0.000000,0.000000,0.000000,0.000000,0.000000,0.000000,0.000000,0.000000,0.000000,0.000000,0.000000,0.000000,0.000000,0.000000,0.000000,0.000000,0.000000,0.000000,0.000000,0.000000,0.000000,0.000000,0.000000,0.000000,0.000000,0.000000,0.000000,0.000000,0.000000,0.000000,0.000000,0.000000,0.000000,0.000000,0.000000,0.000000,0.000000,0.000000,0.000000,0.000000,0.000000,0.000000,0.000000,0.000000,0.000000,0.000000,0.000000,0.000000,0.000000,0.000000,0.000000,0.000000,0.000000,0.000000
Cortex_11,0.001614,0.000000,0.287155,0.225557,0.002239,0.003321,0.319940,0.001765,0.162638,0.072338,0.005710,0.061417,0.125124,0.000000,0.082482,0.002446,0.025961,0.001096,0.010305,0.000946,0.079010,0.046384,-0.038533,-0.006611,-0.013311,-0.015472,-0.055332,-0.000092,-0.041128,-0.013011,-0.003392,-0.090323,-0.063318,-0.074510,-0.011617,-0.027060,-0.062845,-0.013182,-0.038710,-0.043141,-0.041110,-0.109253,0.000000,0.000000,0.000000,0.000000,0.000000,0.000000,0.000000,0.000000,0.000000,0.000000,0.000000,0.000000,0.000000,0.000000,0.000000,0.000000,0.000000,0.000000,0.000000,0.000000,0.000000,0.000000,0.000000,0.000000,0.000000,0.000000,0.000000,0.000000,0.000000,0.000000,0.000000,0.000000,0.000000,0.000000,0.000000,0.000000,0.000000,0.000000,0.000000,0.000000,0.000000,0.000000,0.000000,0.000000,0.000000,0.000000,0.000000,0.000000,0.000000,0.000000,0.000000,0.000000,0.000000,0.000000,0.000000,0.000000,0.000000,0.000000,0.000000,0.000000,0.000000,0.000000,0.000000,0.000000,0.000000
Cortex_12,1.244175,0.000000,0.201400,0.236401,0.098815,0.051649,0.280425,0.001112,0.214181,0.114388,0.039842,0.071831,0.197183,0.182256,0.000000,0.077042,0.095125,0.146809,0.233171,0.003635,0.280030,0.059892,-0.048334,-0.003800,-0.007808,-0.001134,-0.003895,-0.001409,-0.001866,-0.157653,-0.000382,-0.004719,-0.003096,-0.005902,-0.038803,-0.163736,-0.089577,-0.001579,-0.000296,-0.004256,-0.005918,-0.006832,0.000000,0.000000,0.000000,0.000000,0.000000,0.000000,0.000000,0.000000,0.000000,0.000000,0.000000,0.000000,0.000000,0.000000,0.000000,0.000000,0.000000,0.000000,0.000000,0.000000,0.000000,0.000000,0.000000,0.000000,0.000000,0.000000,0.000000,0.000000,0.000000,0.000000,0.000000,0.000000,0.000000,0.000000,0.000000,0.000000,0.000000,0.000000,0.000000,0.000000,0.000000,0.000000,0.000000,0.000000,0.000000,0.000000,0.000000,0.000000,0.000000,0.000000,0.000000,0.000000,0.000000,0.000000,0.000000,0.000000,0.000000,0.000000,0.000000,0.000000,0.000000,0.000000,0.000000,0.000000,0.000000
Cortex_13,1.570937,0.000000,0.326267,0.280247,0.028563,0.045875,0.336196,0.027225,0.225758,0.248790,0.003996,0.057022,0.082581,0.252509,0.149917,0.000000,0.051727,0.086685,0.060960,0.067575,0.072122,0.121257,-0.026425,-0.005300,-0.008844,-0.004209,-0.005000,-0.001867,-0.001550,-0.127195,-0.002381,-0.002373,-0.002654,-0.003115,-0.049110,-0.198847,-0.062387,-0.002472,-0.004220,-0.002214,-0.005073,-0.003009,0.000000,0.000000,0.000000,0.000000,0.000000,0.000000,0.000000,0.000000,0.000000,0.000000,0.000000,0.000000,0.000000,0.000000,0.000000,0.000000,0.000000,0.000000,0.000000,0.000000,0.000000,0.000000,0.000000,0.000000,0.000000,0.000000,0.000000,0.000000,0.000000,0.000000,0.000000,0.000000,0.000000,0.000000,0.000000,0.000000,0.000000,0.000000,0.000000,0.000000,0.000000,0.000000,0.000000,0.000000,0.000000,0.000000,0.000000,0.000000,0.000000,0.000000,0.000000,0.000000,0.000000,0.000000,0.000000,0.000000,0.000000,0.000000,0.000000,0.000000,0.000000,0.000000,0.000000,0.000000,0.000000
Cortex_14,0.905520,0.000000,0.214770,0.238556,0.001588,0.002948,0.251074,0.009889,0.233246,0.093017,0.002723,0.132309,0.089672,0.095813,0.004813,0.006947,0.000000,0.002602,0.072030,0.001978,0.212668,0.071335,-0.037409,-0.007308,-0.021356,-0.005239,-0.010202,-0.000196,-0.003739,-0.040211,-0.003083,-0.004135,-0.000595,-0.022150,-0.032894,-0.065177,-0.059567,-0.004911,-0.003346,-0.003093,-0.016374,-0.001406,0.000000,0.000000,0.000000,0.000000,0.000000,0.000000,0.000000,0.000000,0.000000,0.000000,0.000000,0.000000,0.000000,0.000000,0.000000,0.000000,0.000000,0.000000,0.000000,0.000000,0.000000,0.000000,0.000000,0.000000,0.000000,0.000000,0.000000,0.000000,0.000000,0.000000,0.000000,0.000000,0.000000,0.000000,0.000000,0.000000,0.000000,0.000000,0.000000,0.000000,0.000000,0.000000,0.000000,0.000000,0.000000,0.000000,0.000000,0.000000,0.000000,0.000000,0.000000,0.000000,0.000000,0.000000,0.000000,0.000000,0.000000,0.000000,0.000000,0.000000,0.000000,0.000000,0.000000,0.000000,0.000000
Cortex_15,1.624982,0.000000,0.157476,0.285882,0.390099,0.141148,0.009479,0.429793,0.190595,0.265185,0.265783,0.260370,0.207639,0.290886,0.276585,0.262159,0.295293,0.000000,0.286895,0.377873,0.304843,0.511639,-0.046162,-0.002685,-0.005001,-0.000199,-0.013241,-0.021251,-0.000855,-0.219294,-0.000744,-0.013434,-0.012813,-0.013329,-0.109829,-0.188258,-0.085618,-0.000389,-0.001986,-0.003116,-0.003296,-0.015189,0.000000,0.000000,0.000000,0.000000,0.000000,0.000000,0.000000,0.000000,0.000000,0.000000,0.000000,0.000000,0.000000,0.000000,0.000000,0.000000,0.000000,0.000000,0.000000,0.000000,0.000000,0.000000,0.000000,0.000000,0.000000,0.000000,0.000000,0.000000,0.000000,0.000000,0.000000,0.000000,0.000000,0.000000,0.000000,0.000000,0.000000,0.000000,0.000000,0.000000,0.000000,0.000000,0.000000,0.000000,0.000000,0.000000,0.000000,0.000000,0.000000,0.000000,0.000000,0.000000,0.000000,0.000000,0.000000,0.000000,0.000000,0.000000,0.000000,0.000000,0.000000,0.000000,0.000000,0.000000,0.000000
Cortex_16,0.046814,0.000000,0.076775,0.417783,0.004674,0.056094,0.276047,0.055261,0.113460,0.065848,0.002510,0.048732,0.032707,0.164047,0.094754,0.108115,0.138223,0.109744,0.000000,0.003010,0.145600,0.001493,-0.044640,-0.020686,-0.017600,-0.004686,-0.127099,-0.002157,-0.071788,-0.031939,-0.000423,-0.092852,-0.149510,-0.096078,-0.019006,-0.048038,-0.069617,-0.008579,-0.021415,-0.072067,-0.081863,-0.095864,0.000000,0.000000,0.000000,0.000000,0.000000,0.000000,0.000000,0.000000,0.000000,0.000000,0.000000,0.000000,0.000000,0.000000,0.000000,0.000000,0.000000,0.000000,0.000000,0.000000,0.000000,0.000000,0.000000,0.000000,0.000000,0.000000,0.000000,0.000000,0.000000,0.000000,0.000000,0.000000,0.000000,0.000000,0.000000,0.000000,0.000000,0.000000,0.000000,0.000000,0.000000,0.000000,0.000000,0.000000,0.000000,0.000000,0.000000,0.000000,0.000000,0.000000,0.000000,0.000000,0.000000,0.000000,0.000000,0.000000,0.000000,0.000000,0.000000,0.000000,0.000000,0.000000,0.000000,0.000000,0.000000
Cortex_17,1.645815,0.000000,0.368116,0.228841,0.247936,0.346086,0.011034,0.479212,0.201590,0.342676,0.319631,0.280648,0.237077,0.306849,0.421148,0.442698,0.313502,0.359636,0.272154,0.000000,0.244044,0.281457,-0.001584,-0.003271,-0.005408,-0.002079,-0.002584,-0.001906,-0.000757,-0.102680,-0.004457,-0.000554,-0.002453,-0.000198,-0.001945,-0.084239,-0.002513,-0.009350,-0.001131,-0.001189,-0.001781,-0.001314,0.000000,0.000000,0.000000,0.000000,0.000000,0.000000,0.000000,0.000000,0.000000,0.000000,0.000000,0.000000,0.000000,0.000000,0.000000,0.000000,0.000000,0.000000,0.000000,0.000000,0.000000,0.000000,0.000000,0.000000,0.000000,0.000000,0.000000,0.000000,0.000000,0.000000,0.000000,0.000000,0.000000,0.000000,0.000000,0.000000,0.000000,0.000000,0.000000,0.000000,0.000000,0.000000,0.000000,0.000000,0.000000,0.000000,0.000000,0.000000,0.000000,0.000000,0.000000,0.000000,0.000000,0.000000,0.000000,0.000000,0.000000,0.000000,0.000000,0.000000,0.000000,0.000000,0.000000,0.000000,0.000000
Cortex_18,0.002403,0.000000,0.071731,0.164611,0.106845,0.002585,0.207580,0.000719,0.102427,0.259205,0.062539,0.032094,0.154935,0.138077,0.024036,0.002798,0.012231,0.122876,0.106165,0.002268,0.000000,0.094414,-0.050500,-0.001348,-0.005602,-0.004102,-0.110846,-0.000889,-0.044427,-0.018531,-0.000298,-0.137087,-0.111663,-0.112179,-0.013601,-0.032872,-0.063198,-0.005604,-0.020952,-0.032898,-0.067298,-0.136765,0.000000,0.000000,0.000000,0.000000,0.000000,0.000000,0.000000,0.000000,0.000000,0.000000,0.000000,0.000000,0.000000,0.000000,0.000000,0.000000,0.000000,0.000000,0.000000,0.000000,0.000000,0.000000,0.000000,0.000000,0.000000,0.000000,0.000000,0.000000,0.000000,0.000000,0.000000,0.000000,0.000000,0.000000,0.000000,0.000000,0.000000,0.000000,0.000000,0.000000,0.000000,0.000000,0.000000,0.000000,0.000000,0.000000,0.000000,0.000000,0.000000,0.000000,0.000000,0.000000,0.000000,0.000000,0.000000,0.000000,0.000000,0.000000,0.000000,0.000000,0.000000,0.000000,0.000000,0.000000,0.000000
Cortex_19,1.552785,0.000000,0.150668,0.284215,0.153348,0.062346,0.135387,0.141233,0.157574,0.176943,0.092515,0.147659,0.141461,0.175091,0.208740,0.340411,0.260795,0.209463,0.278809,0.176855,0.140336,0.000000,-0.029785,-0.002413,-0.006246,-0.001164,-0.001133,-0.001368,-0.002020,-0.175668,-0.000807,-0.003584,-0.002266,-0.004008,-0.094306,-0.185633,-0.080103,-0.000394,-0.001247,-0.004213,-0.001546,-0.002999,0.000000,0.000000,0.000000,0.000000,0.000000,0.000000,0.000000,0.000000,0.000000,0.000000,0.000000,0.000000,0.000000,0.000000,0.000000,0.000000,0.000000,0.000000,0.000000,0.000000,0.000000,0.000000,0.000000,0.000000,0.000000,0.000000,0.000000,0.000000,0.000000,0.000000,0.000000,0.000000,0.000000,0.000000,0.000000,0.000000,0.000000,0.000000,0.000000,0.000000,0.000000,0.000000,0.000000,0.000000,0.000000,0.000000,0.000000,0.000000,0.000000,0.000000,0.000000,0.000000,0.000000,0.000000,0.000000,0.000000,0.000000,0.000000,0.000000,0.000000,0.000000,0.000000,0.000000,0.000000,0.000000
Cortex_20,0.958467,0.000000,0.048434,0.025977,0.095002,0.097029,0.037165,0.097961,0.027911,0.028835,0.110940,0.072672,0.060887,0.026915,0.064314,0.057721,0.074675,0.070239,0.045424,0.065560,0.047884,0.114228,-0.000000,-0.022343,-0.043290,-0.145289,-0.043598,-0.015205,-0.218209,-0.001782,-0.017463,-0.030433,-0.043575,-0.043094,-0.000495,-0.003129,-0.002365,-0.165954,-0.152211,-0.091579,-0.089545,-0.029864,0.000000,0.000000,0.000000,0.000000,0.000000,0.000000,0.000000,0.000000,0.000000,0.000000,0.000000,0.000000,0.000000,0.000000,0.000000,0.000000,0.000000,0.000000,0.000000,0.000000,0.000000,0.000000,0.000000,0.000000,0.000000,0.000000,0.000000,0.000000,0.000000,0.000000,0.000000,0.000000,0.000000,0.000000,0.000000,0.000000,0.000000,0.000000,0.000000,0.000000,0.072435,0.485909,0.003005,0.352538,0.156282,0.272784,0.115471,0.271832,0.007341,0.369418,0.000000,0.000000,0.000000,0.000000,0.000000,0.000000,0.000000,0.000000,0.000000,0.000000,0.000000,0.000000,0.000000,0.000000,0.000000
Cortex_21,0.284870,0.000000,0.135367,0.166480,0.104581,0.150842,0.119658,0.139488,0.137217,0.159641,0.150307,0.168676,0.160732,0.109310,0.115518,0.088672,0.090389,0.203382,0.136122,0.166142,0.108697,0.117823,-0.032877,-0.000000,-0.000515,-0.105075,-0.241685,-0.108878,-0.143202,-0.065549,-0.028796,-0.213066,-0.236793,-0.241472,-0.063125,-0.058555,-0.034557,-0.115237,-0.181008,-0.189832,-0.201814,-0.229030,0.000000,0.000000,0.000000,0.000000,0.000000,0.000000,0.000000,0.000000,0.000000,0.000000,0.000000,0.000000,0.000000,0.000000,0.000000,0.000000,0.000000,0.000000,0.000000,0.000000,0.000000,0.000000,0.000000,0.000000,0.000000,0.000000,0.000000,0.000000,0.000000,0.000000,0.000000,0.000000,0.000000,0.000000,0.000000,0.000000,0.000000,0.000000,0.000000,0.000000,0.006052,0.000605,0.212455,0.044322,0.202005,0.262460,0.000060,0.000222,0.202218,0.078661,0.000000,0.000000,0.000000,0.000000,0.000000,0.000000,0.000000,0.000000,0.000000,0.000000,0.000000,0.000000,0.000000,0.000000,0.000000
Cortex_22,-0.001968,0.000000,0.429050,0.403911,0.136473,0.121555,0.374723,0.153127,0.431768,0.390566,0.149578,0.390031,0.445735,0.491513,0.202859,0.219681,0.374650,0.180581,0.516386,0.212326,0.363099,0.118761,-0.147772,-0.002698,-0.000000,-0.053534,-0.247998,-0.107371,-0.138617,-0.222886,-0.047020,-0.220078,-0.254828,-0.247922,-0.196581,-0.216882,-0.169964,-0.013014,-0.154151,-0.167472,-0.180757,-0.251240,0.000000,0.000000,0.000000,0.000000,0.000000,0.000000,0.000000,0.000000,0.000000,0.000000,0.000000,0.000000,0.000000,0.000000,0.000000,0.000000,0.000000,0.000000,0.000000,0.000000,0.000000,0.000000,0.000000,0.000000,0.000000,0.000000,0.000000,0.000000,0.000000,0.000000,0.000000,0.000000,0.000000,0.000000,0.000000,0.000000,0.000000,0.000000,0.000000,0.000000,0.051656,0.000027,0.179173,0.000531,0.083373,0.035543,0.000285,0.000076,0.212590,0.038806,0.000000,0.000000,0.000000,0.000000,0.000000,0.000000,0.000000,0.000000,0.000000,0.000000,0.000000,0.000000,0.000000,0.000000,0.000000
Cortex_23,1.577215,0.000000,0.002752,0.003492,0.028635,0.034617,0.002478,0.034467,0.004243,0.001847,0.046990,0.006070,0.002041,0.002763,0.003632,0.001545,0.001758,0.041672,0.001442,0.045604,0.001539,0.015590,-0.046159,-0.097805,-0.223768,-0.000000,-0.010294,-0.033707,-0.000998,-0.039098,-0.020769,-0.010847,-0.007139,-0.006365,-0.038892,-0.030887,-0.026774,-0.001759,-0.000420,-0.004182,-0.009058,-0.009442,0.000000,0.000000,0.000000,0.000000,0.000000,0.000000,0.000000,0.000000,0.000000,0.000000,0.000000,0.000000,0.000000,0.000000,0.000000,0.000000,0.000000,0.000000,0.000000,0.000000,0.000000,0.000000,0.000000,0.000000,0.000000,0.000000,0.000000,0.000000,0.000000,0.000000,0.000000,0.000000,0.000000,0.000000,0.000000,0.000000,0.000000,0.000000,0.000000,0.000000,0.006072,0.006673,0.015387,0.015084,0.077780,0.142885,0.003597,0.003086,0.042046,0.036155,0.000000,0.000000,0.000000,0.000000,0.000000,0.000000,0.000000,0.000000,0.000000,0.000000,0.000000,0.000000,0.000000,0.000000,0.000000
Cortex_24,2.888961,0.000000,0.000655,0.000634,0.001651,0.102134,0.001459,0.097218,0.000077,0.000350,0.004361,0.000507,0.000652,0.000460,0.003014,0.002524,0.001698,0.003568,0.000641,0.021060,0.000727,0.003140,-0.000259,-0.330711,-0.572730,-0.022671,-0.000000,-0.000612,-0.014179,-0.000983,-0.022738,-0.001355,-0.000559,-0.000577,-0.002427,-0.001345,-0.000914,-0.038460,-0.002334,-0.000142,-0.000157,-0.000195,0.000000,0.000000,0.000000,0.000000,0.000000,0.000000,0.000000,0.000000,0.000000,0.000000,0.000000,0.000000,0.000000,0.000000,0.000000,0.000000,0.000000,0.000000,0.000000,0.000000,0.000000,0.000000,0.000000,0.000000,0.000000,0.000000,0.000000,0.000000,0.000000,0.000000,0.000000,0.000000,0.000000,0.000000,0.000000,0.000000,0.000000,0.000000,0.000000,0.000000,0.002616,0.236780,0.002904,0.177973,0.000034,0.002605,0.005549,0.128028,0.000960,0.122358,0.000000,0.000000,0.000000,0.000000,0.000000,0.000000,0.000000,0.000000,0.000000,0.000000,0.000000,0.000000,0.000000,0.000000,0.000000
Cortex_25,1.144732,0.000000,0.000073,0.000114,0.000589,0.009317,0.004679,0.004550,0.000167,0.000110,0.000852,0.000451,0.000413,0.000173,0.000573,0.000678,0.000488,0.001448,0.000260,0.000492,0.000454,0.018121,-0.011096,-0.034663,-0.097447,-0.014960,-0.017111,-0.000000,-0.018481,-0.013415,-0.016772,-0.011991,-0.018788,-0.015615,-0.013973,-0.013360,-0.010387,-0.017138,-0.014016,-0.012029,-0.011475,-0.017518,0.000000,0.000000,0.000000,0.000000,0.000000,0.000000,0.000000,0.000000,0.000000,0.000000,0.000000,0.000000,0.000000,0.000000,0.000000,0.000000,0.000000,0.000000,0.000000,0.000000,0.000000,0.000000,0.000000,0.000000,0.000000,0.000000,0.000000,0.000000,0.000000,0.000000,0.000000,0.000000,0.000000,0.000000,0.000000,0.000000,0.000000,0.000000,0.000000,0.000000,0.005290,0.123179,0.028748,0.142430,0.074819,0.138169,0.047730,0.124229,0.001189,0.200321,0.000000,0.000000,0.000000,0.000000,0.000000,0.000000,0.000000,0.000000,0.000000,0.000000,0.000000,0.000000,0.000000,0.000000,0.000000
Cortex_26,2.740686,0.000000,0.001682,0.002759,0.049231,0.084408,0.001803,0.084387,0.003315,0.001589,0.087148,0.002307,0.000683,0.001710,0.001518,0.002905,0.001511,0.078091,0.002755,0.095691,0.004019,0.034995,-0.046960,-0.166606,-0.322207,-0.000088,-0.004180,-0.051929,-0.000000,-0.039933,-0.049939,-0.006176,-0.003650,-0.007573,-0.037056,-0.031626,-0.020846,-0.000862,-0.000150,-0.002119,-0.007608,-0.004695,0.000000,0.000000,0.000000,0.000000,0.000000,0.000000,0.000000,0.000000,0.000000,0.000000,0.000000,0.000000,0.000000,0.000000,0.000000,0.000000,0.000000,0.000000,0.000000,0.000000,0.000000,0.000000,0.000000,0.000000,0.000000,0.000000,0.000000,0.000000,0.000000,0.000000,0.000000,0.000000,0.000000,0.000000,0.000000,0.000000,0.000000,0.000000,0.000000,0.000000,0.000645,0.008014,0.000920,0.007113,0.018644,0.126490,0.000121,0.002556,0.004294,0.020740,0.000000,0.000000,0.000000,0.000000,0.000000,0.000000,0.000000,0.000000,0.000000,0.000000,0.000000,0.000000,0.000000,0.000000,0.000000
Cortex_27,0.531905,0.000000,0.035565,0.037905,0.097693,0.133231,0.115447,0.077232,0.034272,0.048051,0.122537,0.072542,0.094363,0.039142,0.139952,0.110128,0.129130,0.074798,0.066381,0.100780,0.073618,0.156374,-0.021509,-0.018729,-0.021578,-0.159113,-0.152022,-0.021249,-0.207800,-0.000000,-0.012376,-0.124642,-0.143009,-0.129253,-0.025159,-0.022017,-0.024113,-0.174593,-0.173013,-0.141884,-0.143011,-0.119215,0.000000,0.000000,0.000000,0.000000,0.000000,0.000000,0.000000,0.000000,0.000000,0.000000,0.000000,0.000000,0.000000,0.000000,0.000000,0.000000,0.000000,0.000000,0.000000,0.000000,0.000000,0.000000,0.000000,0.000000,0.000000,0.000000,0.000000,0.000000,0.000000,0.000000,0.000000,0.000000,0.000000,0.000000,0.000000,0.000000,0.000000,0.000000,0.000000,0.000000,0.341965,0.682628,0.070444,0.481227,0.241139,0.403553,0.573979,0.803941,0.121592,0.518191,0.000000,0.000000,0.000000,0.000000,0.000000,0.000000,0.000000,0.000000,0.000000,0.000000,0.000000,0.000000,0.000000,0.000000,0.000000
Cortex_28,1.354949,0.000000,0.000136,0.000080,0.034513,0.022223,0.000593,0.068904,0.000299,0.002044,0.035181,0.001780,0.042172,0.001032,0.027117,0.021320,0.012268,0.031882,0.015405,0.064180,0.023994,0.040110,-0.017641,-0.020178,-0.047413,-0.041300,-0.051476,-0.048242,-0.046714,-0.024089,-0.000000,-0.047855,-0.051335,-0.047920,-0.025184,-0.021305,-0.016253,-0.051317,-0.044998,-0.046975,-0.054697,-0.047064,0.000000,0.000000,0.000000,0.000000,0.000000,0.000000,0.000000,0.000000,0.000000,0.000000,0.000000,0.000000,0.000000,0.000000,0.000000,0.000000,0.000000,0.000000,0.000000,0.000000,0.000000,0.000000,0.000000,0.000000,0.000000,0.000000,0.000000,0.000000,0.000000,0.000000,0.000000,0.000000,0.000000,0.000000,0.000000,0.000000,0.000000,0.000000,0.000000,0.000000,0.000195,0.041178,0.008647,0.069217,0.112687,0.156026,0.000394,0.019402,0.001968,0.101600,0.000000,0.000000,0.000000,0.000000,0.000000,0.000000,0.000000,0.000000,0.000000,0.000000,0.000000,0.000000,0.000000,0.000000,0.000000
Cortex_29,2.916906,0.000000,0.000986,0.001840,0.003881,0.109642,0.002439,0.103537,0.001725,0.000860,0.010534,0.002376,0.002103,0.001699,0.002243,0.003211,0.001978,0.004159,0.000634,0.034958,0.000709,0.002685,-0.000986,-0.296914,-0.555803,-0.007527,-0.000753,-0.003822,-0.009019,-0.002704,-0.020970,-0.000000,-0.000937,-0.000070,-0.002412,-0.000317,-0.000256,-0.017596,-0.001845,-0.000637,-0.000470,-0.000863,0.000000,0.000000,0.000000,0.000000,0.000000,0.000000,0.000000,0.000000,0.000000,0.000000,0.000000,0.000000,0.000000,0.000000,0.000000,0.000000,0.000000,0.000000,0.000000,0.000000,0.000000,0.000000,0.000000,0.000000,0.000000,0.000000,0.000000,0.000000,0.000000,0.000000,0.000000,0.000000,0.000000,0.000000,0.000000,0.000000,0.000000,0.000000,0.000000,0.000000,0.000988,0.184126,0.001596,0.159858,0.002060,0.001421,0.002116,0.079746,0.002279,0.119791,0.000000,0.000000,0.000000,0.000000,0.000000,0.000000,0.000000,0.000000,0.000000,0.000000,0.000000,0.000000,0.000000,0.000000,0.000000
Cortex_30,2.848256,0.000000,0.001892,0.000709,0.001334,0.117834,0.001414,0.109856,0.001942,0.001854,0.007272,0.000390,0.000784,0.000660,0.003448,0.001839,0.002990,0.004912,0.000301,0.034791,0.001772,0.001551,-0.000518,-0.296190,-0.611502,-0.014655,-0.001310,-0.004601,-0.012719,-0.003385,-0.020001,-0.000491,-0.000000,-0.000055,-0.000278,-0.003323,-0.000841,-0.025548,-0.002787,-0.001365,-0.000261,-0.000510,0.000000,0.000000,0.000000,0.000000,0.000000,0.000000,0.000000,0.000000,0.000000,0.000000,0.000000,0.000000,0.000000,0.000000,0.000000,0.000000,0.000000,0.000000,0.000000,0.000000,0.000000,0.000000,0.000000,0.000000,0.000000,0.000000,0.000000,0.000000,0.000000,0.000000,0.000000,0.000000,0.000000,0.000000,0.000000,0.000000,0.000000,0.000000,0.000000,0.000000,0.001800,0.193600,0.000746,0.174344,0.000931,0.001975,0.002310,0.109457,0.000756,0.120617,0.000000,0.000000,0.000000,0.000000,0.000000,0.000000,0.000000,0.000000,0.000000,0.000000,0.000000,0.000000,0.000000,0.000000,0.000000
Cortex_31,2.895155,0.000000,0.000517,0.000630,0.001055,0.106774,0.000697,0.101018,0.000370,0.000586,0.001091,0.002236,0.002460,0.000900,0.001989,0.001756,0.003456,0.001661,0.001385,0.026225,0.002362,0.002743,-0.001659,-0.296508,-0.625083,-0.014776,-0.001141,-0.001349,-0.015760,-0.000126,-0.021705,-0.001566,-0.000299,-0.000000,-0.000479,-0.001293,-0.000806,-0.025138,-0.004704,-0.000093,-0.000804,-0.000338,0.000000,0.000000,0.000000,0.000000,0.000000,0.000000,0.000000,0.000000,0.000000,0.000000,0.000000,0.000000,0.000000,0.000000,0.000000,0.000000,0.000000,0.000000,0.000000,0.000000,0.000000,0.000000,0.000000,0.000000,0.000000,0.000000,0.000000,0.000000,0.000000,0.000000,0.000000,0.000000,0.000000,0.000000,0.000000,0.000000,0.000000,0.000000,0.000000,0.000000,0.002909,0.212984,0.001186,0.179978,0.000623,0.001508,0.005705,0.130236,0.000480,0.135878,0.000000,0.000000,0.000000,0.000000,0.000000,0.000000,0.000000,0.000000,0.000000,0.000000,0.000000,0.000000,0.000000,0.000000,0.000000
Cortex_32,0.614025,0.000000,0.018595,0.006047,0.059536,0.089358,0.044994,0.072779,0.013394,0.018024,0.072302,0.024416,0.017776,0.010739,0.058563,0.059885,0.037722,0.048644,0.037115,0.064987,0.034760,0.088331,-0.000881,-0.019625,-0.029481,-0.156585,-0.065784,-0.015853,-0.190566,-0.000671,-0.016116,-0.060607,-0.068944,-0.062942,-0.000000,-0.001972,-0.000879,-0.156454,-0.132637,-0.093554,-0.082073,-0.051883,0.000000,0.000000,0.000000,0.000000,0.000000,0.000000,0.000000,0.000000,0.000000,0.000000,0.000000,0.000000,0.000000,0.000000,0.000000,0.000000,0.000000,0.000000,0.000000,0.000000,0.000000,0.000000,0.000000,0.000000,0.000000,0.000000,0.000000,0.000000,0.000000,0.000000,0.000000,0.000000,0.000000,0.000000,0.000000,0.000000,0.000000,0.000000,0.000000,0.000000,0.176914,0.460439,0.016081,0.441124,0.145593,0.258638,0.226937,0.377867,0.062432,0.409577,0.000000,0.000000,0.000000,0.000000,0.000000,0.000000,0.000000,0.000000,0.000000,0.000000,0.000000,0.000000,0.000000,0.000000,0.000000
Cortex_33,0.450223,0.000000,0.072651,0.049071,0.111024,0.140798,0.103829,0.095876,0.048009,0.058768,0.127744,0.060174,0.070301,0.046744,0.137571,0.126879,0.139020,0.085542,0.097911,0.128030,0.087289,0.144107,-0.013720,-0.016645,-0.001987,-0.207358,-0.138409,-0.015587,-0.228058,-0.019497,-0.012560,-0.129200,-0.140835,-0.133845,-0.015474,-0.000000,-0.014200,-0.195039,-0.188231,-0.140844,-0.138499,-0.113609,0.000000,0.000000,0.000000,0.000000,0.000000,0.000000,0.000000,0.000000,0.000000,0.000000,0.000000,0.000000,0.000000,0.000000,0.000000,0.000000,0.000000,0.000000,0.000000,0.000000,0.000000,0.000000,0.000000,0.000000,0.000000,0.000000,0.000000,0.000000,0.000000,0.000000,0.000000,0.000000,0.000000,0.000000,0.000000,0.000000,0.000000,0.000000,0.000000,0.000000,0.351862,0.736109,0.031048,0.528615,0.220057,0.401850,0.630023,0.789043,0.140768,0.519795,0.000000,0.000000,0.000000,0.000000,0.000000,0.000000,0.000000,0.000000,0.000000,0.000000,0.000000,0.000000,0.000000,0.000000,0.000000
Cortex_34,1.105382,0.000000,0.086734,0.026835,0.101899,0.133699,0.052298,0.130197,0.060762,0.063386,0.112946,0.039351,0.046343,0.024277,0.062601,0.067701,0.066688,0.081041,0.076896,0.132240,0.072138,0.113530,-0.000527,-0.028137,-0.059490,-0.287931,-0.091514,-0.018688,-0.322648,-0.002671,-0.022051,-0.096020,-0.085312,-0.065120,-0.002884,-0.002174,-0.000000,-0.264045,-0.256316,-0.169041,-0.184321,-0.046921,0.000000,0.000000,0.000000,0.000000,0.000000,0.000000,0.000000,0.000000,0.000000,0.000000,0.000000,0.000000,0.000000,0.000000,0.000000,0.000000,0.000000,0.000000,0.000000,0.000000,0.000000,0.000000,0.000000,0.000000,0.000000,0.000000,0.000000,0.000000,0.000000,0.000000,0.000000,0.000000,0.000000,0.000000,0.000000,0.000000,0.000000,0.000000,0.000000,0.000000,0.176302,0.670297,0.006336,0.562913,0.214984,0.347885,0.240393,0.490088,0.049293,0.519648,0.000000,0.000000,0.000000,0.000000,0.000000,0.000000,0.000000,0.000000,0.000000,0.000000,0.000000,0.000000,0.000000,0.000000,0.000000
Cortex_35,1.604725,0.000000,0.000643,0.000410,0.008208,0.006261,0.000283,0.007805,0.001006,0.000663,0.013382,0.003424,0.000936,0.001694,0.001833,0.001979,0.000837,0.012313,0.000861,0.012815,0.001038,0.003050,-0.042949,-0.065559,-0.148861,-0.002556,-0.008995,-0.047985,-0.000796,-0.048559,-0.030960,-0.012030,-0.006677,-0.009591,-0.054316,-0.045121,-0.033759,-0.000000,-0.000429,-0.007967,-0.012197,-0.010658,0.000000,0.000000,0.000000,0.000000,0.000000,0.000000,0.000000,0.000000,0.000000,0.000000,0.000000,0.000000,0.000000,0.000000,0.000000,0.000000,0.000000,0.000000,0.000000,0.000000,0.000000,0.000000,0.000000,0.000000,0.000000,0.000000,0.000000,0.000000,0.000000,0.000000,0.000000,0.000000,0.000000,0.000000,0.000000,0.000000,0.000000,0.000000,0.000000,0.000000,0.009379,0.005094,0.005730,0.067071,0.069127,0.159092,0.002609,0.000967,0.094340,0.058308,0.000000,0.000000,0.000000,0.000000,0.000000,0.000000,0.000000,0.000000,0.000000,0.000000,0.000000,0.000000,0.000000,0.000000,0.000000
Cortex_36,2.031665,0.000000,0.002050,0.001183,0.041169,0.065109,0.000346,0.063118,0.003662,0.001201,0.081000,0.004081,0.003611,0.003087,0.010021,0.010620,0.008402,0.067547,0.003920,0.080224,0.003262,0.030625,-0.022178,-0.178315,-0.359420,-0.000373,-0.015074,-0.030504,-0.000769,-0.023367,-0.029330,-0.013974,-0.014323,-0.014614,-0.021136,-0.024297,-0.018450,-0.000548,-0.000000,-0.013822,-0.022297,-0.016910,0.000000,0.000000,0.000000,0.000000,0.000000,0.000000,0.000000,0.000000,0.000000,0.000000,0.000000,0.000000,0.000000,0.000000,0.000000,0.000000,0.000000,0.000000,0.000000,0.000000,0.000000,0.000000,0.000000,0.000000,0.000000,0.000000,0.000000,0.000000,0.000000,0.000000,0.000000,0.000000,0.000000,0.000000,0.000000,0.000000,0.000000,0.000000,0.000000,0.000000,0.001099,0.003290,0.000124,0.048756,0.010452,0.094591,0.000018,0.000487,0.004164,0.016275,0.000000,0.000000,0.000000,0.000000,0.000000,0.000000,0.000000,0.000000,0.000000,0.000000,0.000000,0.000000,0.000000,0.000000,0.000000
Cortex_37,1.951537,0.000000,0.001641,0.002467,0.006545,0.071753,0.002628,0.071240,0.001796,0.000290,0.040307,0.001813,0.001604,0.001366,0.003121,0.003132,0.000788,0.032457,0.002115,0.052914,0.000659,0.003265,-0.002533,-0.173552,-0.354567,-0.000122,-0.001155,-0.003964,-0.002113,-0.001206,-0.009018,-0.000247,-0.001746,-0.001847,-0.001054,-0.002144,-0.001395,-0.000451,-0.001256,-0.000000,-0.000886,-0.000575,0.000000,0.000000,0.000000,0.000000,0.000000,0.000000,0.000000,0.000000,0.000000,0.000000,0.000000,0.000000,0.000000,0.000000,0.000000,0.000000,0.000000,0.000000,0.000000,0.000000,0.000000,0.000000,0.000000,0.000000,0.000000,0.000000,0.000000,0.000000,0.000000,0.000000,0.000000,0.000000,0.000000,0.000000,0.000000,0.000000,0.000000,0.000000,0.000000,0.000000,0.002971,0.032981,0.001057,0.061555,0.000846,0.063034,0.000308,0.000090,0.001417,0.043936,0.000000,0.000000,0.000000,0.000000,0.000000,0.000000,0.000000,0.000000,0.000000,0.000000,0.000000,0.000000,0.000000,0.000000,0.000000
Cortex_38,2.527734,0.000000,0.000541,0.001201,0.000823,0.079752,0.000805,0.073906,0.000608,0.001407,0.029384,0.000773,0.000639,0.000463,0.001188,0.001629,0.001522,0.021243,0.000136,0.043022,0.000269,0.001609,-0.000734,-0.190831,-0.386444,-0.000001,-0.002156,-0.003781,-0.002696,-0.001414,-0.011790,-0.003425,-0.001383,-0.001209,-0.002755,-0.001650,-0.003196,-0.000186,-0.001045,-0.000172,-0.000000,-0.000515,0.000000,0.000000,0.000000,0.000000,0.000000,0.000000,0.000000,0.000000,0.000000,0.000000,0.000000,0.000000,0.000000,0.000000,0.000000,0.000000,0.000000,0.000000,0.000000,0.000000,0.000000,0.000000,0.000000,0.000000,0.000000,0.000000,0.000000,0.000000,0.000000,0.000000,0.000000,0.000000,0.000000,0.000000,0.000000,0.000000,0.000000,0.000000,0.000000,0.000000,0.001651,0.073869,0.002923,0.079123,0.001140,0.070037,0.000119,0.016768,0.000941,0.062983,0.000000,0.000000,0.000000,0.000000,0.000000,0.000000,0.000000,0.000000,0.000000,0.000000,0.000000,0.000000,0.000000,0.000000,0.000000
Cortex_39,2.853338,0.000000,0.001447,0.002339,0.003568,0.112059,0.001592,0.103750,0.004008,0.001329,0.003362,0.002255,0.003165,0.001078,0.002697,0.002810,0.002139,0.005365,0.001640,0.029242,0.002655,0.002946,-0.001136,-0.302894,-0.642689,-0.022827,-0.001976,-0.001935,-0.021064,-0.000216,-0.021248,-0.000158,-0.000798,-0.000301,-0.001004,-0.001511,-0.001586,-0.036031,-0.005321,-0.001487,-0.000540,-0.000000,0.000000,0.000000,0.000000,0.000000,0.000000,0.000000,0.000000,0.000000,0.000000,0.000000,0.000000,0.000000,0.000000,0.000000,0.000000,0.000000,0.000000,0.000000,0.000000,0.000000,0.000000,0.000000,0.000000,0.000000,0.000000,0.000000,0.000000,0.000000,0.000000,0.000000,0.000000,0.000000,0.000000,0.000000,0.000000,0.000000,0.000000,0.000000,0.000000,0.000000,0.001788,0.218297,0.002017,0.195087,0.000514,0.001366,0.012464,0.128435,0.002105,0.146672,0.000000,0.000000,0.000000,0.000000,0.000000,0.000000,0.000000,0.000000,0.000000,0.000000,0.000000,0.000000,0.000000,0.000000,0.000000
D1_0,0.000000,-0.076111,0.183529,0.185254,0.156802,0.134783,0.166518,0.105355,0.242814,0.208919,0.198692,0.176320,0.000000,0.000000,0.000000,0.000000,0.000000,0.000000,0.000000,0.000000,0.000000,0.000000,0.000000,0.000000,0.000000,0.000000,0.000000,0.000000,0.000000,0.000000,0.000000,0.000000,0.000000,0.000000,0.000000,0.000000,0.000000,0.000000,0.000000,0.000000,0.000000,0.000000,-0.011758,-0.000412,-0.098147,-0.001336,-0.000476,-0.082364,-0.023854,-0.002954,-0.053721,-0.023887,-0.023700,-0.040795,-0.016825,-0.010372,-0.036109,-0.092146,-0.025107,-0.010751,-0.018935,-0.000599,0.266279,0.266279,0.266279,0.266279,0.266279,0.266279,0.000000,0.000000,0.000000,0.000000,0.000000,0.000000,0.000000,0.000000,0.000000,0.000000,0.000000,0.000000,0.000000,0.000000,0.000000,0.000000,0.000000,0.000000,0.000000,0.000000,0.000000,0.000000,0.000000,0.000000,0.000000,0.000000,0.000000,0.000000,0.000000,0.000000,0.000000,0.000000,0.000000,0.000000,0.000000,0.000000,0.000000,0.000000,0.000000
D1_1,0.000000,-0.076111,0.247191,0.167103,0.168397,0.169984,0.247303,0.173442,0.215181,0.314989,0.205606,0.139410,0.000000,0.000000,0.000000,0.000000,0.000000,0.000000,0.000000,0.000000,0.000000,0.000000,0.000000,0.000000,0.000000,0.000000,0.000000,0.000000,0.000000,0.000000,0.000000,0.000000,0.000000,0.000000,0.000000,0.000000,0.000000,0.000000,0.000000,0.000000,0.000000,0.000000,-0.000909,-0.135943,-0.069405,-0.001057,-0.035095,-0.129230,-0.002625,-0.157718,-0.342088,-0.001824,-0.035546,-0.060529,-0.031450,-0.016764,-0.019366,-0.027928,-0.044872,-0.023150,-0.026286,-0.000740,0.266279,0.266279,0.266279,0.266279,0.266279,0.266279,0.000000,0.000000,0.000000,0.000000,0.000000,0.000000,0.000000,0.000000,0.000000,0.000000,0.000000,0.000000,0.000000,0.000000,0.000000,0.000000,0.000000,0.000000,0.000000,0.000000,0.000000,0.000000,0.000000,0.000000,0.000000,0.000000,0.000000,0.000000,0.000000,0.000000,0.000000,0.000000,0.000000,0.000000,0.000000,0.000000,0.000000,0.000000,0.000000
D1_2,0.000000,-0.076111,0.482412,0.638519,0.599691,0.776246,0.781626,0.713734,0.520785,0.533618,0.592975,0.463730,0.000000,0.000000,0.000000,0.000000,0.000000,0.000000,0.000000,0.000000,0.000000,0.000000,0.000000,0.000000,0.000000,0.000000,0.000000,0.000000,0.000000,0.000000,0.000000,0.000000,0.000000,0.000000,0.000000,0.000000,0.000000,0.000000,0.000000,0.000000,0.000000,0.000000,-0.059744,-0.327573,-0.060857,-0.266664,-0.015569,-0.000050,-0.944234,-0.002064,-0.001452,-0.000384,-0.000413,-0.397940,-0.288210,-0.001449,-0.001943,-0.000091,-0.000289,-0.001238,-0.002577,-0.665796,0.266279,0.266279,0.266279,0.266279,0.266279,0.266279,0.000000,0.000000,0.000000,0.000000,0.000000,0.000000,0.000000,0.000000,0.000000,0.000000,0.000000,0.000000,0.000000,0.000000,0.000000,0.000000,0.000000,0.000000,0.000000,0.000000,0.000000,0.000000,0.000000,0.000000,0.000000,0.000000,0.000000,0.000000,0.000000,0.000000,0.000000,0.000000,0.000000,0.000000,0.000000,0.000000,0.000000,0.000000,0.000000
D1_3,0.000000,-0.076111,0.304237,0.161904,0.085269,0.048463,0.383441,0.053199,0.223083,0.175530,0.002605,0.136439,0.000000,0.000000,0.000000,0.000000,0.000000,0.000000,0.000000,0.000000,0.000000,0.000000,0.000000,0.000000,0.000000,0.000000,0.000000,0.000000,0.000000,0.000000,0.000000,0.000000,0.000000,0.000000,0.000000,0.000000,0.000000,0.000000,0.000000,0.000000,0.000000,0.000000,-0.012031,-0.048962,-0.111288,-0.018402,-0.063605,-0.155064,-0.004105,-0.060498,-0.048133,-0.008626,-0.074352,-0.081313,-0.042301,-0.032930,-0.062221,-0.060130,-0.040510,-0.057530,-0.049259,-0.000565,0.266279,0.266279,0.266279,0.266279,0.266279,0.266279,0.000000,0.000000,0.000000,0.000000,0.000000,0.000000,0.000000,0.000000,0.000000,0.000000,0.000000,0.000000,0.000000,0.000000,0.000000,0.000000,0.000000,0.000000,0.000000,0.000000,0.000000,0.000000,0.000000,0.000000,0.000000,0.000000,0.000000,0.000000,0.000000,0.000000,0.000000,0.000000,0.000000,0.000000,0.000000,0.000000,0.000000,0.000000,0.000000
D1_4,0.000000,-0.076111,0.445837,0.465199,0.240174,0.152245,0.127594,0.168316,0.455024,0.459544,0.290906,0.441553,0.000000,0.000000,0.000000,0.000000,0.000000,0.000000,0.000000,0.000000,0.000000,0.000000,0.000000,0.000000,0.000000,0.000000,0.000000,0.000000,0.000000,0.000000,0.000000,0.000000,0.000000,0.000000,0.000000,0.000000,0.000000,0.000000,0.000000,0.000000,0.000000,0.000000,-0.001798,-0.002710,-0.066323,-0.000087,-0.139975,-0.099278,-0.005311,-0.003378,-0.137341,-0.000187,-0.020590,-0.233575,-0.047859,-0.076621,-0.067599,-0.025347,-0.023025,-0.012713,-0.024013,-0.081906,0.266279,0.266279,0.266279,0.266279,0.266279,0.266279,0.000000,0.000000,0.000000,0.000000,0.000000,0.000000,0.000000,0.000000,0.000000,0.000000,0.000000,0.000000,0.000000,0.000000,0.000000,0.000000,0.000000,0.000000,0.000000,0.000000,0.000000,0.000000,0.000000,0.000000,0.000000,0.000000,0.000000,0.000000,0.000000,0.000000,0.000000,0.000000,0.000000,0.000000,0.000000,0.000000,0.000000,0.000000,0.000000
D1_5,0.000000,-0.076111,0.561239,0.546187,0.644758,0.742107,0.822555,0.833289,0.556185,0.576918,0.589736,0.514505,0.000000,0.000000,0.000000,0.000000,0.000000,0.000000,0.000000,0.000000,0.000000,0.000000,0.000000,0.000000,0.000000,0.000000,0.000000,0.000000,0.000000,0.000000,0.000000,0.000000,0.000000,0.000000,0.000000,0.000000,0.000000,0.000000,0.000000,0.000000,0.000000,0.000000,-0.000469,-0.009897,-0.002380,-0.128944,-0.002165,-0.022432,-0.725881,-0.000497,-0.000588,-0.000849,-0.000008,-0.282817,-0.156139,-0.002666,-0.000650,-0.001626,-0.000436,-0.000037,-0.002610,-0.420620,0.266279,0.266279,0.266279,0.266279,0.266279,0.266279,0.000000,0.000000,0.000000,0.000000,0.000000,0.000000,0.000000,0.000000,0.000000,0.000000,0.000000,0.000000,0.000000,0.000000,0.000000,0.000000,0.000000,0.000000,0.000000,0.000000,0.000000,0.000000,0.000000,0.000000,0.000000,0.000000,0.000000,0.000000,0.000000,0.000000,0.000000,0.000000,0.000000,0.000000,0.000000,0.000000,0.000000,0.000000,0.000000
D1_6,0.000000,-0.076111,0.006712,0.007278,0.006143,0.025739,0.247261,0.165567,0.006906,0.006753,0.006587,0.006477,0.000000,0.000000,0.000000,0.000000,0.000000,0.000000,0.000000,0.000000,0.000000,0.000000,0.000000,0.000000,0.000000,0.000000,0.000000,0.000000,0.000000,0.000000,0.000000,0.000000,0.000000,0.000000,0.000000,0.000000,0.000000,0.000000,0.000000,0.000000,0.000000,0.000000,-0.008389,-0.003341,-0.335034,-0.020608,-0.026417,-0.081263,-0.149116,-0.031787,-0.344936,-0.030361,-0.007866,-0.001467,-0.002038,-0.001233,-0.003847,-0.003658,-0.016988,-0.003695,-0.004369,-0.013431,0.266279,0.266279,0.266279,0.266279,0.266279,0.266279,0.000000,0.000000,0.000000,0.000000,0.000000,0.000000,0.000000,0.000000,0.000000,0.000000,0.000000,0.000000,0.000000,0.000000,0.000000,0.000000,0.000000,0.000000,0.000000,0.000000,0.000000,0.000000,0.000000,0.000000,0.000000,0.000000,0.000000,0.000000,0.000000,0.000000,0.000000,0.000000,0.000000,0.000000,0.000000,0.000000,0.000000,0.000000,0.000000
D1_7,0.000000,-0.076111,0.351880,0.407081,0.342695,0.194223,0.014857,0.197524,0.501372,0.494132,0.333402,0.430708,0.000000,0.000000,0.000000,0.000000,0.000000,0.000000,0.000000,0.000000,0.000000,0.000000,0.000000,0.000000,0.000000,0.000000,0.000000,0.000000,0.000000,0.000000,0.000000,0.000000,0.000000,0.000000,0.000000,0.000000,0.000000,0.000000,0.000000,0.000000,0.000000,0.000000,-0.003366,-0.001790,-0.090469,-0.000043,-0.001038,-0.042670,-0.007978,-0.058341,-0.008774,-0.000318,-0.038674,-0.320447,-0.107473,-0.041145,-0.094051,-0.079398,-0.070057,-0.109656,-0.058981,-0.051134,0.266279,0.266279,0.266279,0.266279,0.266279,0.266279,0.000000,0.000000,0.000000,0.000000,0.000000,0.000000,0.000000,0.000000,0.000000,0.000000,0.000000,0.000000,0.000000,0.000000,0.000000,0.000000,0.000000,0.000000,0.000000,0.000000,0.000000,0.000000,0.000000,0.000000,0.000000,0.000000,0.000000,0.000000,0.000000,0.000000,0.000000,0.000000,0.000000,0.000000,0.000000,0.000000,0.000000,0.000000,0.000000
D1_8,0.000000,-0.076111,0.433909,0.488536,0.575899,0.622083,0.801345,0.578171,0.496187,0.733933,0.534803,0.444420,0.000000,0.000000,0.000000,0.000000,0.000000,0.000000,0.000000,0.000000,0.000000,0.000000,0.000000,0.000000,0.000000,0.000000,0.000000,0.000000,0.000000,0.000000,0.000000,0.000000,0.000000,0.000000,0.000000,0.000000,0.000000,0.000000,0.000000,0.000000,0.000000,0.000000,-0.068481,-0.221173,-0.001763,-0.383756,-0.002554,-0.000530,-0.863714,-0.001020,-0.011334,-0.001865,-0.002065,-0.573163,-0.326690,-0.000662,-0.001930,-0.000487,-0.001111,-0.000492,-0.003014,-0.727792,0.266279,0.266279,0.266279,0.266279,0.266279,0.266279,0.000000,0.000000,0.000000,0.000000,0.000000,0.000000,0.000000,0.000000,0.000000,0.000000,0.000000,0.000000,0.000000,0.000000,0.000000,0.000000,0.000000,0.000000,0.000000,0.000000,0.000000,0.000000,0.000000,0.000000,0.000000,0.000000,0.000000,0.000000,0.000000,0.000000,0.000000,0.000000,0.000000,0.000000,0.000000,0.000000,0.000000,0.000000,0.000000
D1_9,0.000000,-0.076111,0.495048,0.560366,0.360356,0.183305,0.195102,0.237240,0.663699,0.536857,0.280568,0.535689,0.000000,0.000000,0.000000,0.000000,0.000000,0.000000,0.000000,0.000000,0.000000,0.000000,0.000000,0.000000,0.000000,0.000000,0.000000,0.000000,0.000000,0.000000,0.000000,0.000000,0.000000,0.000000,0.000000,0.000000,0.000000,0.000000,0.000000,0.000000,0.000000,0.000000,-0.000357,-0.004292,-0.136407,-0.001486,-0.000902,-0.117838,-0.002590,-0.003912,-0.099585,-0.090341,-0.030877,-0.001236,-0.001391,-0.040271,-0.110249,-0.067417,-0.024797,-0.048811,-0.053087,-0.088615,0.266279,0.266279,0.266279,0.266279,0.266279,0.266279,0.000000,0.000000,0.000000,0.000000,0.000000,0.000000,0.000000,0.000000,0.000000,0.000000,0.000000,0.000000,0.000000,0.000000,0.000000,0.000000,0.000000,0.000000,0.000000,0.000000,0.000000,0.000000,0.000000,0.000000,0.000000,0.000000,0.000000,0.000000,0.000000,0.000000,0.000000,0.000000,0.000000,0.000000,0.000000,0.000000,0.000000,0.000000,0.000000
D2_0,0.000000,0.338305,0.386005,0.378762,0.329565,0.329686,0.366665,0.335205,0.369182,0.521762,0.342816,0.404632,0.000000,0.000000,0.000000,0.000000,0.000000,0.000000,0.000000,0.000000,0.000000,0.000000,0.000000,0.000000,0.000000,0.000000,0.000000,0.000000,0.000000,0.000000,0.000000,0.000000,0.000000,0.000000,0.000000,0.000000,0.000000,0.000000,0.000000,0.000000,0.000000,0.000000,-0.159311,-0.247390,-0.000685,-0.261132,-0.127446,-0.000718,-1.324606,-0.118581,-0.001713,-0.076760,-0.002963,-0.001942,-0.004061,-0.001428,-0.001016,-0.001075,-0.000847,-0.000206,-0.001165,-1.006145,-0.049976,-0.049976,-0.049976,-0.049976,-0.049976,-0.049976,0.000000,0.000000,0.000000,0.000000,0.000000,0.000000,0.000000,0.000000,0.000000,0.000000,0.000000,0.000000,0.000000,0.000000,0.000000,0.000000,0.000000,0.000000,0.000000,0.000000,0.000000,0.000000,0.000000,0.000000,0.000000,0.000000,0.000000,0.000000,0.000000,0.000000,0.000000,0.000000,0.000000,0.000000,0.000000,0.000000,0.000000,0.000000,0.000000
D2_1,0.000000,0.338305,0.352770,0.197351,0.322447,0.393515,0.213922,0.262915,0.212866,0.296983,0.260878,0.338350,0.000000,0.000000,0.000000,0.000000,0.000000,0.000000,0.000000,0.000000,0.000000,0.000000,0.000000,0.000000,0.000000,0.000000,0.000000,0.000000,0.000000,0.000000,0.000000,0.000000,0.000000,0.000000,0.000000,0.000000,0.000000,0.000000,0.000000,0.000000,0.000000,0.000000,-0.239745,-0.260308,-0.290051,-0.237936,-0.190344,-0.205967,-0.085566,-0.222052,-0.238069,-0.191504,-0.237407,-0.024416,-0.000310,-0.266260,-0.240352,-0.346120,-0.129200,-0.254017,-0.210878,-0.068989,-0.049976,-0.049976,-0.049976,-0.049976,-0.049976,-0.049976,0.000000,0.000000,0.000000,0.000000,0.000000,0.000000,0.000000,0.000000,0.000000,0.000000,0.000000,0.000000,0.000000,0.000000,0.000000,0.000000,0.000000,0.000000,0.000000,0.000000,0.000000,0.000000,0.000000,0.000000,0.000000,0.000000,0.000000,0.000000,0.000000,0.000000,0.000000,0.000000,0.000000,0.000000,0.000000,0.000000,0.000000,0.000000,0.000000
D2_2,0.000000,0.338305,0.233697,0.162019,0.207494,0.276667,0.313293,0.236755,0.153190,0.438711,0.323976,0.231801,0.000000,0.000000,0.000000,0.000000,0.000000,0.000000,0.000000,0.000000,0.000000,0.000000,0.000000,0.000000,0.000000,0.000000,0.000000,0.000000,0.000000,0.000000,0.000000,0.000000,0.000000,0.000000,0.000000,0.000000,0.000000,0.000000,0.000000,0.000000,0.000000,0.000000,-0.184219,-0.185693,-0.174443,-0.183757,-0.154149,-0.220315,-0.062869,-0.166973,-0.178113,-0.167214,-0.178447,-0.002452,-0.073890,-0.414980,-0.268407,-0.220766,-0.138783,-0.300060,-0.221218,-0.080260,-0.049976,-0.049976,-0.049976,-0.049976,-0.049976,-0.049976,0.000000,0.000000,0.000000,0.000000,0.000000,0.000000,0.000000,0.000000,0.000000,0.000000,0.000000,0.000000,0.000000,0.000000,0.000000,0.000000,0.000000,0.000000,0.000000,0.000000,0.000000,0.000000,0.000000,0.000000,0.000000,0.000000,0.000000,0.000000,0.000000,0.000000,0.000000,0.000000,0.000000,0.000000,0.000000,0.000000,0.000000,0.000000,0.000000
D2_3,0.000000,0.338305,0.394714,0.425466,0.367191,0.555837,0.550022,0.348348,0.344434,0.425603,0.306508,0.501969,0.000000,0.000000,0.000000,0.000000,0.000000,0.000000,0.000000,0.000000,0.000000,0.000000,0.000000,0.000000,0.000000,0.000000,0.000000,0.000000,0.000000,0.000000,0.000000,0.000000,0.000000,0.000000,0.000000,0.000000,0.000000,0.000000,0.000000,0.000000,0.000000,0.000000,-0.002052,-0.096874,-0.000523,-0.093192,-0.020134,-0.001772,-0.955035,-0.002186,-0.000945,-0.001774,-0.001502,-0.239929,-0.366296,-0.073790,-0.002837,-0.001412,-0.001681,-0.001337,-0.000473,-0.558797,-0.049976,-0.049976,-0.049976,-0.049976,-0.049976,-0.049976,0.000000,0.000000,0.000000,0.000000,0.000000,0.000000,0.000000,0.000000,0.000000,0.000000,0.000000,0.000000,0.000000,0.000000,0.000000,0.000000,0.000000,0.000000,0.000000,0.000000,0.000000,0.000000,0.000000,0.000000,0.000000,0.000000,0.000000,0.000000,0.000000,0.000000,0.000000,0.000000,0.000000,0.000000,0.000000,0.000000,0.000000,0.000000,0.000000
D2_4,0.000000,0.338305,0.402975,0.493286,0.446935,0.590200,0.828378,0.472501,0.522429,0.415386,0.410993,0.480261,0.000000,0.000000,0.000000,0.000000,0.000000,0.000000,0.000000,0.000000,0.000000,0.000000,0.000000,0.000000,0.000000,0.000000,0.000000,0.000000,0.000000,0.000000,0.000000,0.000000,0.000000,0.000000,0.000000,0.000000,0.000000,0.000000,0.000000,0.000000,0.000000,0.000000,-0.093991,-0.232405,-0.001885,-0.207353,-0.135615,-0.002416,-1.261436,-0.097567,-0.001913,-0.049359,-0.001714,-0.239084,-0.091560,-0.003466,-0.022699,-0.002452,-0.001627,-0.000511,-0.000153,-1.185347,-0.049976,-0.049976,-0.049976,-0.049976,-0.049976,-0.049976,0.000000,0.000000,0.000000,0.000000,0.000000,0.000000,0.000000,0.000000,0.000000,0.000000,0.000000,0.000000,0.000000,0.000000,0.000000,0.000000,0.000000,0.000000,0.000000,0.000000,0.000000,0.000000,0.000000,0.000000,0.000000,0.000000,0.000000,0.000000,0.000000,0.000000,0.000000,0.000000,0.000000,0.000000,0.000000,0.000000,0.000000,0.000000,0.000000
D2_5,0.000000,0.338305,0.368913,0.522029,0.354224,0.373254,0.569581,0.386402,0.437990,0.344184,0.468807,0.419747,0.000000,0.000000,0.000000,0.000000,0.000000,0.000000,0.000000,0.000000,0.000000,0.000000,0.000000,0.000000,0.000000,0.000000,0.000000,0.000000,0.000000,0.000000,0.000000,0.000000,0.000000,0.000000,0.000000,0.000000,0.000000,0.000000,0.000000,0.000000,0.000000,0.000000,-0.117674,-0.309411,-0.002400,-0.245688,-0.126841,-0.002273,-1.418789,-0.100608,-0.000578,-0.061970,-0.002922,-0.270264,-0.141983,-0.002438,-0.002050,-0.150556,-0.002137,-0.002392,-0.000046,-0.885741,-0.049976,-0.049976,-0.049976,-0.049976,-0.049976,-0.049976,0.000000,0.000000,0.000000,0.000000,0.000000,0.000000,0.000000,0.000000,0.000000,0.000000,0.000000,0.000000,0.000000,0.000000,0.000000,0.000000,0.000000,0.000000,0.000000,0.000000,0.000000,0.000000,0.000000,0.000000,0.000000,0.000000,0.000000,0.000000,0.000000,0.000000,0.000000,0.000000,0.000000,0.000000,0.000000,0.000000,0.000000,0.000000,0.000000
D2_6,0.000000,0.338305,0.253369,0.284988,0.199516,0.256973,0.358466,0.377386,0.288960,0.305787,0.333078,0.292899,0.000000,0.000000,0.000000,0.000000,0.000000,0.000000,0.000000,0.000000,0.000000,0.000000,0.000000,0.000000,0.000000,0.000000,0.000000,0.000000,0.000000,0.000000,0.000000,0.000000,0.000000,0.000000,0.000000,0.000000,0.000000,0.000000,0.000000,0.000000,0.000000,0.000000,-0.246457,-0.297083,-0.001026,-0.328369,-0.144259,-0.002765,-1.360036,-0.141235,-0.001880,-0.104755,-0.002071,-0.004177,-0.002431,-0.003285,-0.001202,-0.002718,-0.073701,-0.001321,-0.029601,-0.990640,-0.049976,-0.049976,-0.049976,-0.049976,-0.049976,-0.049976,0.000000,0.000000,0.000000,0.000000,0.000000,0.000000,0.000000,0.000000,0.000000,0.000000,0.000000,0.000000,0.000000,0.000000,0.000000,0.000000,0.000000,0.000000,0.000000,0.000000,0.000000,0.000000,0.000000,0.000000,0.000000,0.000000,0.000000,0.000000,0.000000,0.000000,0.000000,0.000000,0.000000,0.000000,0.000000,0.000000,0.000000,0.000000,0.000000
D2_7,0.000000,0.338305,0.477415,0.373916,0.426087,0.455940,0.552148,0.438340,0.414808,0.528715,0.430463,0.480281,0.000000,0.000000,0.000000,0.000000,0.000000,0.000000,0.000000,0.000000,0.000000,0.000000,0.000000,0.000000,0.000000,0.000000,0.000000,0.000000,0.000000,0.000000,0.000000,0.000000,0.000000,0.000000,0.000000,0.000000,0.000000,0.000000,0.000000,0.000000,0.000000,0.000000,-0.039090,-0.159312,-0.003223,-0.155943,-0.072290,-0.000320,-1.134321,-0.035335,-0.001992,-0.000638,-0.000599,-0.250285,-0.162171,-0.001112,-0.002548,-0.000382,-0.001264,-0.170659,-0.003721,-0.898980,-0.049976,-0.049976,-0.049976,-0.049976,-0.049976,-0.049976,0.000000,0.000000,0.000000,0.000000,0.000000,0.000000,0.000000,0.000000,0.000000,0.000000,0.000000,0.000000,0.000000,0.000000,0.000000,0.000000,0.000000,0.000000,0.000000,0.000000,0.000000,0.000000,0.000000,0.000000,0.000000,0.000000,0.000000,0.000000,0.000000,0.000000,0.000000,0.000000,0.000000,0.000000,0.000000,0.000000,0.000000,0.000000,0.000000
D2_8,0.000000,0.338305,0.369716,0.406786,0.430560,0.401865,0.481086,0.431025,0.436036,0.389411,0.374815,0.398325,0.000000,0.000000,0.000000,0.000000,0.000000,0.000000,0.000000,0.000000,0.000000,0.000000,0.000000,0.000000,0.000000,0.000000,0.000000,0.000000,0.000000,0.000000,0.000000,0.000000,0.000000,0.000000,0.000000,0.000000,0.000000,0.000000,0.000000,0.000000,0.000000,0.000000,-0.103822,-0.196663,-0.001604,-0.230696,-0.119153,-0.002252,-1.046275,-0.094886,-0.002366,-0.044979,-0.002890,-0.003171,-0.004137,-0.004724,-0.000606,-0.001439,-0.000037,-0.001113,-0.064538,-1.035498,-0.049976,-0.049976,-0.049976,-0.049976,-0.049976,-0.049976,0.000000,0.000000,0.000000,0.000000,0.000000,0.000000,0.000000,0.000000,0.000000,0.000000,0.000000,0.000000,0.000000,0.000000,0.000000,0.000000,0.000000,0.000000,0.000000,0.000000,0.000000,0.000000,0.000000,0.000000,0.000000,0.000000,0.000000,0.000000,0.000000,0.000000,0.000000,0.000000,0.000000,0.000000,0.000000,0.000000,0.000000,0.000000,0.000000
D2_9,0.000000,0.338305,0.411033,0.392559,0.221550,0.322342,0.487239,0.287335,0.313569,0.293975,0.327823,0.284000,0.000000,0.000000,0.000000,0.000000,0.000000,0.000000,0.000000,0.000000,0.000000,0.000000,0.000000,0.000000,0.000000,0.000000,0.000000,0.000000,0.000000,0.000000,0.000000,0.000000,0.000000,0.000000,0.000000,0.000000,0.000000,0.000000,0.000000,0.000000,0.000000,0.000000,-0.025619,-0.003460,-0.365134,-0.000358,-0.196808,-0.459096,-0.001088,-0.174064,-0.377289,-0.287049,-0.421805,-0.086122,-0.120514,-0.385072,-0.509085,-0.417132,-0.331625,-0.440201,-0.443761,-0.080373,-0.049976,-0.049976,-0.049976,-0.049976,-0.049976,-0.049976,0.000000,0.000000,0.000000,0.000000,0.000000,0.000000,0.000000,0.000000,0.000000,0.000000,0.000000,0.000000,0.000000,0.000000,0.000000,0.000000,0.000000,0.000000,0.000000,0.000000,0.000000,0.000000,0.000000,0.000000,0.000000,0.000000,0.000000,0.000000,0.000000,0.000000,0.000000,0.000000,0.000000,0.000000,0.000000,0.000000,0.000000,0.000000,0.000000
SNc_0,0.000000,0.000000,0.000000,0.000000,0.000000,0.000000,0.000000,0.000000,0.000000,0.000000,0.000000,0.000000,0.257120,0.314025,0.333411,0.499824,0.273995,0.218466,0.229158,0.299502,0.230987,0.415567,0.000000,0.000000,0.000000,0.000000,0.000000,0.000000,0.000000,0.000000,0.000000,0.000000,0.000000,0.000000,0.000000,0.000000,0.000000,0.000000,0.000000,0.000000,0.000000,0.000000,-0.011143,-0.028165,-0.071848,-0.002156,-0.154441,-0.074495,-0.997074,-0.370747,-0.072497,-0.339537,-0.057797,-0.002772,-0.003364,-0.083741,-0.079281,-0.071033,-0.040644,-0.080234,-0.075424,-0.000241,0.000000,0.000000,0.000000,0.000000,0.000000,0.000000,0.000000,0.000000,0.000000,0.000000,0.000000,0.000000,0.000000,0.000000,0.000000,0.000000,0.000000,0.000000,0.000000,0.000000,0.000000,0.000000,0.000000,0.000000,0.000000,0.000000,0.000000,0.000000,0.000000,0.000000,0.000000,0.000000,0.000000,0.000000,0.000000,0.000000,0.000000,0.000000,0.000000,0.000000,0.000000,0.000000,0.000000,0.000000,0.000000
SNc_1,0.000000,0.000000,0.000000,0.000000,0.000000,0.000000,0.000000,0.000000,0.000000,0.000000,0.000000,0.000000,0.385487,0.421762,0.584792,0.747469,0.560499,0.460071,0.410662,0.502811,0.390287,0.520504,0.000000,0.000000,0.000000,0.000000,0.000000,0.000000,0.000000,0.000000,0.000000,0.000000,0.000000,0.000000,0.000000,0.000000,0.000000,0.000000,0.000000,0.000000,0.000000,0.000000,-0.034928,-0.014266,-0.249030,-0.001413,-0.268856,-0.252785,-0.734939,-0.513639,-0.260581,-0.491700,-0.144464,-0.005145,-0.003747,-0.157531,-0.154373,-0.147806,-0.115321,-0.163917,-0.151217,-0.000084,0.000000,0.000000,0.000000,0.000000,0.000000,0.000000,0.000000,0.000000,0.000000,0.000000,0.000000,0.000000,0.000000,0.000000,0.000000,0.000000,0.000000,0.000000,0.000000,0.000000,0.000000,0.000000,0.000000,0.000000,0.000000,0.000000,0.000000,0.000000,0.000000,0.000000,0.000000,0.000000,0.000000,0.000000,0.000000,0.000000,0.000000,0.000000,0.000000,0.000000,0.000000,0.000000,0.000000,0.000000,0.000000
SNc_2,0.000000,0.000000,0.000000,0.000000,0.000000,0.000000,0.000000,0.000000,0.000000,0.000000,0.000000,0.000000,0.542599,0.357895,0.355787,0.418273,0.458836,0.442005,0.314966,0.365143,0.396247,0.310993,0.000000,0.000000,0.000000,0.000000,0.000000,0.000000,0.000000,0.000000,0.000000,0.000000,0.000000,0.000000,0.000000,0.000000,0.000000,0.000000,0.000000,0.000000,0.000000,0.000000,-0.011290,-0.043842,-0.005582,-0.236139,-0.119730,-0.007343,-1.264834,-0.278233,-0.005346,-0.274047,-0.006512,-0.002734,-0.002832,-0.009624,-0.007741,-0.004884,-0.000781,-0.008367,-0.004902,-0.002600,0.000000,0.000000,0.000000,0.000000,0.000000,0.000000,0.000000,0.000000,0.000000,0.000000,0.000000,0.000000,0.000000,0.000000,0.000000,0.000000,0.000000,0.000000,0.000000,0.000000,0.000000,0.000000,0.000000,0.000000,0.000000,0.000000,0.000000,0.000000,0.000000,0.000000,0.000000,0.000000,0.000000,0.000000,0.000000,0.000000,0.000000,0.000000,0.000000,0.000000,0.000000,0.000000,0.000000,0.000000,0.000000
SNc_3,0.000000,0.000000,0.000000,0.000000,0.000000,0.000000,0.000000,0.000000,0.000000,0.000000,0.000000,0.000000,0.414475,0.535099,0.459242,0.420572,0.508617,0.247237,0.341868,0.154366,0.345436,0.358149,0.000000,0.000000,0.000000,0.000000,0.000000,0.000000,0.000000,0.000000,0.000000,0.000000,0.000000,0.000000,0.000000,0.000000,0.000000,0.000000,0.000000,0.000000,0.000000,0.000000,-0.000500,-0.092655,-0.003151,-0.001887,-0.227699,-0.004656,-1.496174,-0.407388,-0.003435,-0.403294,-0.007734,-0.000307,-0.001372,-0.009471,-0.001045,-0.003903,-0.004556,-0.007876,-0.008686,-0.001084,0.000000,0.000000,0.000000,0.000000,0.000000,0.000000,0.000000,0.000000,0.000000,0.000000,0.000000,0.000000,0.000000,0.000000,0.000000,0.000000,0.000000,0.000000,0.000000,0.000000,0.000000,0.000000,0.000000,0.000000,0.000000,0.000000,0.000000,0.000000,0.000000,0.000000,0.000000,0.000000,0.000000,0.000000,0.000000,0.000000,0.000000,0.000000,0.000000,0.000000,0.000000,0.000000,0.000000,0.000000,0.000000
SNc_4,0.000000,0.000000,0.000000,0.000000,0.000000,0.000000,0.000000,0.000000,0.000000,0.000000,0.000000,0.000000,0.407530,0.422226,0.374929,0.503516,0.440176,0.216465,0.306566,0.227099,0.270960,0.454062,0.000000,0.000000,0.000000,0.000000,0.000000,0.000000,0.000000,0.000000,0.000000,0.000000,0.000000,0.000000,0.000000,0.000000,0.000000,0.000000,0.000000,0.000000,0.000000,0.000000,-0.040654,-0.089490,-0.009442,-0.001396,-0.246495,-0.013658,-1.546370,-0.427078,-0.007995,-0.417645,-0.041993,-0.000183,-0.003219,-0.055214,-0.043926,-0.039206,-0.033831,-0.051607,-0.050796,-0.003936,0.000000,0.000000,0.000000,0.000000,0.000000,0.000000,0.000000,0.000000,0.000000,0.000000,0.000000,0.000000,0.000000,0.000000,0.000000,0.000000,0.000000,0.000000,0.000000,0.000000,0.000000,0.000000,0.000000,0.000000,0.000000,0.000000,0.000000,0.000000,0.000000,0.000000,0.000000,0.000000,0.000000,0.000000,0.000000,0.000000,0.000000,0.000000,0.000000,0.000000,0.000000,0.000000,0.000000,0.000000,0.000000
SNc_5,0.000000,0.000000,0.000000,0.000000,0.000000,0.000000,0.000000,0.000000,0.000000,0.000000,0.000000,0.000000,0.310719,0.433931,0.428620,0.364995,0.344326,0.311939,0.409610,0.237373,0.241685,0.475614,0.000000,0.000000,0.000000,0.000000,0.000000,0.000000,0.000000,0.000000,0.000000,0.000000,0.000000,0.000000,0.000000,0.000000,0.000000,0.000000,0.000000,0.000000,0.000000,0.000000,-0.037118,-0.058374,-0.063736,-0.000717,-0.192593,-0.066719,-1.488065,-0.429183,-0.062929,-0.401284,-0.074607,-0.003607,-0.000796,-0.110726,-0.103542,-0.090538,-0.060644,-0.096051,-0.100181,-0.003738,0.000000,0.000000,0.000000,0.000000,0.000000,0.000000,0.000000,0.000000,0.000000,0.000000,0.000000,0.000000,0.000000,0.000000,0.000000,0.000000,0.000000,0.000000,0.000000,0.000000,0.000000,0.000000,0.000000,0.000000,0.000000,0.000000,0.000000,0.000000,0.000000,0.000000,0.000000,0.000000,0.000000,0.000000,0.000000,0.000000,0.000000,0.000000,0.000000,0.000000,0.000000,0.000000,0.000000,0.000000,0.000000
GPe_0,0.000000,0.000000,0.066187,0.046860,0.056115,0.059573,0.203420,0.086265,0.050252,0.055387,0.055955,0.049370,0.000000,0.000000,0.000000,0.000000,0.000000,0.000000,0.000000,0.000000,0.000000,0.000000,0.000000,0.000000,0.000000,0.000000,0.000000,0.000000,0.000000,0.000000,0.000000,0.000000,0.000000,0.000000,0.000000,0.000000,0.000000,0.000000,0.000000,0.000000,0.000000,0.000000,0.000000,0.000000,0.000000,0.000000,0.000000,0.000000,0.000000,0.000000,0.000000,0.000000,-0.248886,-0.434193,-0.471421,-0.059242,-0.145548,-0.101924,-0.110239,-0.154033,-0.079237,-1.035095,0.000000,0.000000,0.000000,0.000000,0.000000,0.000000,-0.111219,-0.054211,-0.285196,-0.046279,-0.298324,-0.070666,0.000000,0.000000,0.000000,0.000000,0.000000,0.000000,0.000000,0.000000,0.000000,0.000000,0.000000,0.000000,0.000000,0.000000,0.000000,0.000000,0.000000,0.000000,0.000000,0.000000,0.000000,0.000000,0.000000,0.000000,0.000000,0.000000,0.000000,0.000000,0.000000,0.000000,0.000000,0.000000,0.000000
GPe_1,0.000000,0.000000,0.022723,0.050571,0.062817,0.036008,0.007519,0.039961,0.020185,0.023121,0.036611,0.035906,0.000000,0.000000,0.000000,0.000000,0.000000,0.000000,0.000000,0.000000,0.000000,0.000000,0.000000,0.000000,0.000000,0.000000,0.000000,0.000000,0.000000,0.000000,0.000000,0.000000,0.000000,0.000000,0.000000,0.000000,0.000000,0.000000,0.000000,0.000000,0.000000,0.000000,0.000000,0.000000,0.000000,0.000000,0.000000,0.000000,0.000000,0.000000,0.000000,0.000000,-0.184797,-0.762430,-0.684948,-0.083765,-0.130330,-0.101953,-0.107136,-0.082476,-0.157502,-0.626966,0.000000,0.000000,0.000000,0.000000,0.000000,0.000000,-0.305262,-0.015013,-0.053615,-0.022532,-0.189358,-0.278776,0.000000,0.000000,0.000000,0.000000,0.000000,0.000000,0.000000,0.000000,0.000000,0.000000,0.000000,0.000000,0.000000,0.000000,0.000000,0.000000,0.000000,0.000000,0.000000,0.000000,0.000000,0.000000,0.000000,0.000000,0.000000,0.000000,0.000000,0.000000,0.000000,0.000000,0.000000,0.000000,0.000000
GPe_2,0.000000,0.000000,0.056459,0.076349,0.059567,0.053776,0.085843,0.053958,0.155854,0.068755,0.061736,0.133027,0.000000,0.000000,0.000000,0.000000,0.000000,0.000000,0.000000,0.000000,0.000000,0.000000,0.000000,0.000000,0.000000,0.000000,0.000000,0.000000,0.000000,0.000000,0.000000,0.000000,0.000000,0.000000,0.000000,0.000000,0.000000,0.000000,0.000000,0.000000,0.000000,0.000000,0.000000,0.000000,0.000000,0.000000,0.000000,0.000000,0.000000,0.000000,0.000000,0.000000,-0.102427,-0.383293,-0.536653,-0.229734,-0.072841,-0.270442,-0.104385,-0.070349,-0.078507,-1.221690,0.000000,0.000000,0.000000,0.000000,0.000000,0.000000,-0.296674,-0.282903,-0.163961,-0.215736,-0.095229,-0.068801,0.000000,0.000000,0.000000,0.000000,0.000000,0.000000,0.000000,0.000000,0.000000,0.000000,0.000000,0.000000,0.000000,0.000000,0.000000,0.000000,0.000000,0.000000,0.000000,0.000000,0.000000,0.000000,0.000000,0.000000,0.000000,0.000000,0.000000,0.000000,0.000000,0.000000,0.000000,0.000000,0.000000
GPe_3,0.000000,0.000000,0.183850,0.162599,0.082356,0.096240,0.097029,0.054962,0.065948,0.149251,0.050511,0.055658,0.000000,0.000000,0.000000,0.000000,0.000000,0.000000,0.000000,0.000000,0.000000,0.000000,0.000000,0.000000,0.000000,0.000000,0.000000,0.000000,0.000000,0.000000,0.000000,0.000000,0.000000,0.000000,0.000000,0.000000,0.000000,0.000000,0.000000,0.000000,0.000000,0.000000,0.000000,0.000000,0.000000,0.000000,0.000000,0.000000,0.000000,0.000000,0.000000,0.000000,-0.107651,-0.417753,-0.427333,-0.305961,-0.151664,-0.077592,-0.096794,-0.223376,-0.151807,-1.219335,0.000000,0.000000,0.000000,0.000000,0.000000,0.000000,-0.172760,-0.265371,-0.009299,-0.179704,-0.053001,-0.047454,0.000000,0.000000,0.000000,0.000000,0.000000,0.000000,0.000000,0.000000,0.000000,0.000000,0.000000,0.000000,0.000000,0.000000,0.000000,0.000000,0.000000,0.000000,0.000000,0.000000,0.000000,0.000000,0.000000,0.000000,0.000000,0.000000,0.000000,0.000000,0.000000,0.000000,0.000000,0.000000,0.000000
GPe_4,0.000000,0.000000,0.040934,0.132588,0.049800,0.047753,0.013879,0.045927,0.039706,0.036711,0.045782,0.039305,0.000000,0.000000,0.000000,0.000000,0.000000,0.000000,0.000000,0.000000,0.000000,0.000000,0.000000,0.000000,0.000000,0.000000,0.000000,0.000000,0.000000,0.000000,0.000000,0.000000,0.000000,0.000000,0.000000,0.000000,0.000000,0.000000,0.000000,0.000000,0.000000,0.000000,0.000000,0.000000,0.000000,0.000000,0.000000,0.000000,0.000000,0.000000,0.000000,0.000000,-0.205211,-0.442050,-0.361651,-0.096612,-0.144093,-0.121985,-0.096264,-0.054374,-0.121241,-0.451079,0.000000,0.000000,0.000000,0.000000,0.000000,0.000000,-0.062533,-0.054387,-0.014634,-0.126510,-0.140863,-0.402221,0.000000,0.000000,0.000000,0.000000,0.000000,0.000000,0.000000,0.000000,0.000000,0.000000,0.000000,0.000000,0.000000,0.000000,0.000000,0.000000,0.000000,0.000000,0.000000,0.000000,0.000000,0.000000,0.000000,0.000000,0.000000,0.000000,0.000000,0.000000,0.000000,0.000000,0.000000,0.000000,0.000000
GPe_5,0.000000,0.000000,0.018248,0.015054,0.038257,0.031284,0.005271,0.064451,0.124430,0.025178,0.034748,0.024720,0.000000,0.000000,0.000000,0.000000,0.000000,0.000000,0.000000,0.000000,0.000000,0.000000,0.000000,0.000000,0.000000,0.000000,0.000000,0.000000,0.000000,0.000000,0.000000,0.000000,0.000000,0.000000,0.000000,0.000000,0.000000,0.000000,0.000000,0.000000,0.000000,0.000000,0.000000,0.000000,0.000000,0.000000,0.000000,0.000000,0.000000,0.000000,0.000000,0.000000,-0.146524,-0.758923,-0.653753,-0.092172,-0.100160,-0.143549,-0.165061,-0.095043,-0.124459,-0.909141,0.000000,0.000000,0.000000,0.000000,0.000000,0.000000,-0.211528,-0.330416,-0.386050,-0.008045,-0.065112,-0.155730,0.000000,0.000000,0.000000,0.000000,0.000000,0.000000,0.000000,0.000000,0.000000,0.000000,0.000000,0.000000,0.000000,0.000000,0.000000,0.000000,0.000000,0.000000,0.000000,0.000000,0.000000,0.000000,0.000000,0.000000,0.000000,0.000000,0.000000,0.000000,0.000000,0.000000,0.000000,0.000000,0.000000
SNr_0,0.000000,0.000000,0.000000,0.000000,0.000000,0.000000,0.000000,0.000000,0.000000,0.000000,0.000000,0.000000,0.000000,0.000000,0.000000,0.000000,0.000000,0.000000,0.000000,0.000000,0.000000,0.000000,0.000000,0.000000,0.000000,0.000000,0.000000,0.000000,0.000000,0.000000,0.000000,0.000000,0.000000,0.000000,0.000000,0.000000,0.000000,0.000000,0.000000,0.000000,0.000000,0.000000,-0.000508,-0.000805,-0.001193,-0.000065,-0.001019,-0.001318,-0.234146,-0.000180,-0.001474,-0.001218,0.000000,0.000000,0.000000,0.000000,0.000000,0.000000,0.000000,0.000000,0.000000,0.000000,0.000000,0.000000,0.000000,0.000000,0.000000,0.000000,-0.002352,-0.000872,-0.002894,-0.001655,-0.000412,-0.002614,0.000000,0.000000,0.000000,0.000000,0.000000,0.000000,0.000000,0.000000,0.000000,0.000000,0.000000,0.000000,0.000000,0.000000,0.000000,0.000000,0.000000,0.000000,0.000000,0.000000,0.000000,0.000000,0.000000,0.000000,0.000000,0.000000,0.000000,0.000000,0.000000,0.000000,0.000000,0.000000,0.000000
SNr_1,0.000000,0.000000,0.000000,0.000000,0.000000,0.000000,0.000000,0.000000,0.000000,0.000000,0.000000,0.000000,0.000000,0.000000,0.000000,0.000000,0.000000,0.000000,0.000000,0.000000,0.000000,0.000000,0.000000,0.000000,0.000000,0.000000,0.000000,0.000000,0.000000,0.000000,0.000000,0.000000,0.000000,0.000000,0.000000,0.000000,0.000000,0.000000,0.000000,0.000000,0.000000,0.000000,-0.316388,-0.353194,-0.036190,-0.320105,-0.340875,-0.033470,-0.825501,-0.297812,-0.046659,-0.296903,0.000000,0.000000,0.000000,0.000000,0.000000,0.000000,0.000000,0.000000,0.000000,0.000000,0.000000,0.000000,0.000000,0.000000,0.000000,0.000000,-0.002212,-0.000300,-0.001473,-0.001789,-0.000477,-0.001757,0.000000,0.000000,0.000000,0.000000,0.000000,0.000000,0.000000,0.000000,0.000000,0.000000,0.000000,0.000000,0.000000,0.000000,0.000000,0.000000,0.000000,0.000000,0.000000,0.000000,0.000000,0.000000,0.000000,0.000000,0.000000,0.000000,0.000000,0.000000,0.000000,0.000000,0.000000,0.000000,0.000000
SNr_2,0.000000,0.000000,0.000000,0.000000,0.000000,0.000000,0.000000,0.000000,0.000000,0.000000,0.000000,0.000000,0.000000,0.000000,0.000000,0.000000,0.000000,0.000000,0.000000,0.000000,0.000000,0.000000,0.000000,0.000000,0.000000,0.000000,0.000000,0.000000,0.000000,0.000000,0.000000,0.000000,0.000000,0.000000,0.000000,0.000000,0.000000,0.000000,0.000000,0.000000,0.000000,0.000000,-0.430419,-0.219268,-0.005223,-0.220229,-0.197230,-0.037266,-0.434453,-0.282730,-0.014936,-0.227311,0.000000,0.000000,0.000000,0.000000,0.000000,0.000000,0.000000,0.000000,0.000000,0.000000,0.000000,0.000000,0.000000,0.000000,0.000000,0.000000,-0.002658,-0.004689,-0.005977,-0.002696,-0.003390,-0.000982,0.000000,0.000000,0.000000,0.000000,0.000000,0.000000,0.000000,0.000000,0.000000,0.000000,0.000000,0.000000,0.000000,0.000000,0.000000,0.000000,0.000000,0.000000,0.000000,0.000000,0.000000,0.000000,0.000000,0.000000,0.000000,0.000000,0.000000,0.000000,0.000000,0.000000,0.000000,0.000000,0.000000
SNr_3,0.000000,0.000000,0.000000,0.000000,0.000000,0.000000,0.000000,0.000000,0.000000,0.000000,0.000000,0.000000,0.000000,0.000000,0.000000,0.000000,0.000000,0.000000,0.000000,0.000000,0.000000,0.000000,0.000000,0.000000,0.000000,0.000000,0.000000,0.000000,0.000000,0.000000,0.000000,0.000000,0.000000,0.000000,0.000000,0.000000,0.000000,0.000000,0.000000,0.000000,0.000000,0.000000,-0.000497,-0.000945,-0.000560,-0.001041,-0.000527,-0.001162,-0.002963,-0.000294,-0.001006,-0.000294,0.000000,0.000000,0.000000,0.000000,0.000000,0.000000,0.000000,0.000000,0.000000,0.000000,0.000000,0.000000,0.000000,0.000000,0.000000,0.000000,-0.257392,-0.721446,-0.366576,-0.395748,-0.134873,-0.755005,0.000000,0.000000,0.000000,0.000000,0.000000,0.000000,0.000000,0.000000,0.000000,0.000000,0.000000,0.000000,0.000000,0.000000,0.000000,0.000000,0.000000,0.000000,0.000000,0.000000,0.000000,0.000000,0.000000,0.000000,0.000000,0.000000,0.000000,0.000000,0.000000,0.000000,0.000000,0.000000,0.000000
SNr_4,0.000000,0.000000,0.000000,0.000000,0.000000,0.000000,0.000000,0.000000,0.000000,0.000000,0.000000,0.000000,0.000000,0.000000,0.000000,0.000000,0.000000,0.000000,0.000000,0.000000,0.000000,0.000000,0.000000,0.000000,0.000000,0.000000,0.000000,0.000000,0.000000,0.000000,0.000000,0.000000,0.000000,0.000000,0.000000,0.000000,0.000000,0.000000,0.000000,0.000000,0.000000,0.000000,-0.005199,-0.002829,-0.353398,-0.002655,-0.004528,-0.314685,-0.001557,-0.003618,-0.299856,-0.004308,0.000000,0.000000,0.000000,0.000000,0.000000,0.000000,0.000000,0.000000,0.000000,0.000000,0.000000,0.000000,0.000000,0.000000,0.000000,0.000000,-0.010313,-0.002402,-0.221029,-0.005148,-0.007447,-0.006780,0.000000,0.000000,0.000000,0.000000,0.000000,0.000000,0.000000,0.000000,0.000000,0.000000,0.000000,0.000000,0.000000,0.000000,0.000000,0.000000,0.000000,0.000000,0.000000,0.000000,0.000000,0.000000,0.000000,0.000000,0.000000,0.000000,0.000000,0.000000,0.000000,0.000000,0.000000,0.000000,0.000000
SNr_5,0.000000,0.000000,0.000000,0.000000,0.000000,0.000000,0.000000,0.000000,0.000000,0.000000,0.000000,0.000000,0.000000,0.000000,0.000000,0.000000,0.000000,0.000000,0.000000,0.000000,0.000000,0.000000,0.000000,0.000000,0.000000,0.000000,0.000000,0.000000,0.000000,0.000000,0.000000,0.000000,0.000000,0.000000,0.000000,0.000000,0.000000,0.000000,0.000000,0.000000,0.000000,0.000000,-0.368088,-0.295904,-0.019267,-0.234025,-0.172205,-0.021009,-0.750940,-0.224672,-0.030808,-0.183106,0.000000,0.000000,0.000000,0.000000,0.000000,0.000000,0.000000,0.000000,0.000000,0.000000,0.000000,0.000000,0.000000,0.000000,0.000000,0.000000,-0.001363,-0.000886,-0.002424,-0.002602,-0.131816,-0.002578,0.000000,0.000000,0.000000,0.000000,0.000000,0.000000,0.000000,0.000000,0.000000,0.000000,0.000000,0.000000,0.000000,0.000000,0.000000,0.000000,0.000000,0.000000,0.000000,0.000000,0.000000,0.000000,0.000000,0.000000,0.000000,0.000000,0.000000,0.000000,0.000000,0.000000,0.000000,0.000000,0.000000
SNr_6,0.000000,0.000000,0.000000,0.000000,0.000000,0.000000,0.000000,0.000000,0.000000,0.000000,0.000000,0.000000,0.000000,0.000000,0.000000,0.000000,0.000000,0.000000,0.000000,0.000000,0.000000,0.000000,0.000000,0.000000,0.000000,0.000000,0.000000,0.000000,0.000000,0.000000,0.000000,0.000000,0.000000,0.000000,0.000000,0.000000,0.000000,0.000000,0.000000,0.000000,0.000000,0.000000,-0.001062,-0.001057,-0.000185,-0.000448,-0.001949,-0.001941,-0.247093,-0.001911,-0.000220,-0.000234,0.000000,0.000000,0.000000,0.000000,0.000000,0.000000,0.000000,0.000000,0.000000,0.000000,0.000000,0.000000,0.000000,0.000000,0.000000,0.000000,-0.001086,-0.001728,-0.002447,-0.000418,-0.003031,-0.001974,0.000000,0.000000,0.000000,0.000000,0.000000,0.000000,0.000000,0.000000,0.000000,0.000000,0.000000,0.000000,0.000000,0.000000,0.000000,0.000000,0.000000,0.000000,0.000000,0.000000,0.000000,0.000000,0.000000,0.000000,0.000000,0.000000,0.000000,0.000000,0.000000,0.000000,0.000000,0.000000,0.000000
SNr_7,0.000000,0.000000,0.000000,0.000000,0.000000,0.000000,0.000000,0.000000,0.000000,0.000000,0.000000,0.000000,0.000000,0.000000,0.000000,0.000000,0.000000,0.000000,0.000000,0.000000,0.000000,0.000000,0.000000,0.000000,0.000000,0.000000,0.000000,0.000000,0.000000,0.000000,0.000000,0.000000,0.000000,0.000000,0.000000,0.000000,0.000000,0.000000,0.000000,0.000000,0.000000,0.000000,-0.001760,-0.000629,-0.001385,-0.001691,-0.000236,-0.002870,-0.000031,-0.002792,-0.000271,-0.000240,0.000000,0.000000,0.000000,0.000000,0.000000,0.000000,0.000000,0.000000,0.000000,0.000000,0.000000,0.000000,0.000000,0.000000,0.000000,0.000000,-1.083835,-0.151529,-1.437639,-1.569346,-0.376110,-0.448609,0.000000,0.000000,0.000000,0.000000,0.000000,0.000000,0.000000,0.000000,0.000000,0.000000,0.000000,0.000000,0.000000,0.000000,0.000000,0.000000,0.000000,0.000000,0.000000,0.000000,0.000000,0.000000,0.000000,0.000000,0.000000,0.000000,0.000000,0.000000,0.000000,0.000000,0.000000,0.000000,0.000000
Thalamus_0,0.000000,0.000000,0.011589,0.016419,0.002970,0.002452,0.105048,0.002378,0.011627,0.001754,0.001687,0.000478,0.000000,0.000000,0.000000,0.000000,0.000000,0.000000,0.000000,0.000000,0.000000,0.000000,0.000000,0.000000,0.000000,0.000000,0.000000,0.000000,0.000000,0.000000,0.000000,0.000000,0.000000,0.000000,0.000000,0.000000,0.000000,0.000000,0.000000,0.000000,0.000000,0.000000,0.000000,0.000000,0.000000,0.000000,0.000000,0.000000,0.000000,0.000000,0.000000,0.000000,0.000000,0.000000,0.000000,0.000000,0.000000,0.000000,0.000000,0.000000,0.000000,0.000000,0.000000,0.000000,0.000000,0.000000,0.000000,0.000000,0.000000,0.000000,0.000000,0.000000,0.000000,0.000000,-0.005647,-0.324759,-0.258393,-0.001181,-0.003901,-0.219455,-0.057597,-0.001437,0.000000,0.367970,0.513595,0.297972,0.076587,0.124971,0.190744,0.224529,0.147157,0.283698,-0.000718,-0.003652,-0.009615,-0.000479,-0.291651,-0.001392,-0.070094,-0.102268,-0.178243,-0.079922,0.000000,0.000000,0.000000,0.000000,0.000000
Thalamus_1,0.000000,0.000000,0.001140,0.007748,0.023278,0.043765,0.029384,0.043883,0.000451,0.003339,0.039563,0.002091,0.000000,0.000000,0.000000,0.000000,0.000000,0.000000,0.000000,0.000000,0.000000,0.000000,0.000000,0.000000,0.000000,0.000000,0.000000,0.000000,0.000000,0.000000,0.000000,0.000000,0.000000,0.000000,0.000000,0.000000,0.000000,0.000000,0.000000,0.000000,0.000000,0.000000,0.000000,0.000000,0.000000,0.000000,0.000000,0.000000,0.000000,0.000000,0.000000,0.000000,0.000000,0.000000,0.000000,0.000000,0.000000,0.000000,0.000000,0.000000,0.000000,0.000000,0.000000,0.000000,0.000000,0.000000,0.000000,0.000000,0.000000,0.000000,0.000000,0.000000,0.000000,0.000000,-0.006458,-0.176078,-0.100292,-0.004809,-0.004338,-0.078287,-0.005888,-0.053809,0.295075,0.000000,0.502747,0.526939,0.187438,0.271311,0.417321,0.448724,0.124336,0.446271,-0.001093,-0.000936,-0.006959,-0.001422,-0.005252,-0.003636,-0.026143,-0.011271,-0.001703,-0.038230,0.000000,0.000000,0.000000,0.000000,0.000000
Thalamus_2,0.000000,0.000000,0.026066,0.030340,0.008919,0.003309,0.001979,0.003682,0.029781,0.028820,0.009986,0.025739,0.000000,0.000000,0.000000,0.000000,0.000000,0.000000,0.000000,0.000000,0.000000,0.000000,0.000000,0.000000,0.000000,0.000000,0.000000,0.000000,0.000000,0.000000,0.000000,0.000000,0.000000,0.000000,0.000000,0.000000,0.000000,0.000000,0.000000,0.000000,0.000000,0.000000,0.000000,0.000000,0.000000,0.000000,0.000000,0.000000,0.000000,0.000000,0.000000,0.000000,0.000000,0.000000,0.000000,0.000000,0.000000,0.000000,0.000000,0.000000,0.000000,0.000000,0.000000,0.000000,0.000000,0.000000,0.000000,0.000000,0.000000,0.000000,0.000000,0.000000,0.000000,0.000000,-0.212330,-0.094523,-0.143683,-0.002547,-0.003532,-0.095978,-0.265600,-0.002890,0.164351,0.190728,0.000000,0.183062,0.166233,0.162562,0.244042,0.219017,0.216369,0.193771,-0.000211,-0.000251,-0.006133,-0.001794,-0.327087,-0.001914,-0.008570,-0.221163,-0.527105,-0.013430,0.000000,0.000000,0.000000,0.000000,0.000000
Thalamus_3,0.000000,0.000000,0.001985,0.000570,0.004941,0.002730,0.001566,0.002073,0.002787,0.002071,0.001286,0.000827,0.000000,0.000000,0.000000,0.000000,0.000000,0.000000,0.000000,0.000000,0.000000,0.000000,0.000000,0.000000,0.000000,0.000000,0.000000,0.000000,0.000000,0.000000,0.000000,0.000000,0.000000,0.000000,0.000000,0.000000,0.000000,0.000000,0.000000,0.000000,0.000000,0.000000,0.000000,0.000000,0.000000,0.000000,0.000000,0.000000,0.000000,0.000000,0.000000,0.000000,0.000000,0.000000,0.000000,0.000000,0.000000,0.000000,0.000000,0.000000,0.000000,0.000000,0.000000,0.000000,0.000000,0.000000,0.000000,0.000000,0.000000,0.000000,0.000000,0.000000,0.000000,0.000000,-0.010983,-0.144309,-0.117577,-0.019421,-0.000329,-0.089082,-0.008220,-0.581107,0.356564,0.383901,0.657938,0.000000,0.227025,0.466606,0.192624,0.280270,0.286770,0.484083,-0.002627,-0.004453,-0.001256,-0.001353,-0.063584,-0.000527,-0.149255,-0.075086,-0.002803,-0.169298,0.000000,0.000000,0.000000,0.000000,0.000000
Thalamus_4,0.000000,0.000000,0.052833,0.096079,0.000253,0.001354,0.082449,0.000574,0.083371,0.041829,0.000431,0.019657,0.000000,0.000000,0.000000,0.000000,0.000000,0.000000,0.000000,0.000000,0.000000,0.000000,0.000000,0.000000,0.000000,0.000000,0.000000,0.000000,0.000000,0.000000,0.000000,0.000000,0.000000,0.000000,0.000000,0.000000,0.000000,0.000000,0.000000,0.000000,0.000000,0.000000,0.000000,0.000000,0.000000,0.000000,0.000000,0.000000,0.000000,0.000000,0.000000,0.000000,0.000000,0.000000,0.000000,0.000000,0.000000,0.000000,0.000000,0.000000,0.000000,0.000000,0.000000,0.000000,0.000000,0.000000,0.000000,0.000000,0.000000,0.000000,0.000000,0.000000,0.000000,0.000000,-0.329641,-0.276576,-0.412564,-0.230700,-0.173649,-0.338846,-0.231038,-1.009701,0.000319,0.092783,0.013609,0.187553,0.000000,0.680056,0.106171,0.000164,0.457487,0.166254,-0.198010,-0.326480,-0.096209,-0.256402,-0.416946,-0.292805,-0.150201,-0.227808,-0.086895,-0.173484,0.000000,0.000000,0.000000,0.000000,0.000000
Thalamus_5,0.000000,0.000000,0.035250,0.071142,0.003122,0.003989,0.079572,0.001731,0.061071,0.022645,0.000700,0.006285,0.000000,0.000000,0.000000,0.000000,0.000000,0.000000,0.000000,0.000000,0.000000,0.000000,0.000000,0.000000,0.000000,0.000000,0.000000,0.000000,0.000000,0.000000,0.000000,0.000000,0.000000,0.000000,0.000000,0.000000,0.000000,0.000000,0.000000,0.000000,0.000000,0.000000,0.000000,0.000000,0.000000,0.000000,0.000000,0.000000,0.000000,0.000000,0.000000,0.000000,0.000000,0.000000,0.000000,0.000000,0.000000,0.000000,0.000000,0.000000,0.000000,0.000000,0.000000,0.000000,0.000000,0.000000,0.000000,0.000000,0.000000,0.000000,0.000000,0.000000,0.000000,0.000000,-0.310002,-0.543505,-0.403472,-0.472410,-0.532728,-0.443960,-0.312597,-1.590109,0.066582,0.039094,0.028270,0.391149,0.520138,0.000000,0.035691,0.259741,0.489633,0.176845,-0.123723,-0.206203,-0.000763,-0.081112,-0.393536,-0.167189,-0.214754,-0.225409,-0.006553,-0.224421,0.000000,0.000000,0.000000,0.000000,0.000000
Thalamus_6,0.000000,0.000000,0.008890,0.050732,0.061245,0.058809,0.057530,0.083897,0.060752,0.046006,0.056126,0.077600,0.000000,0.000000,0.000000,0.000000,0.000000,0.000000,0.000000,0.000000,0.000000,0.000000,0.000000,0.000000,0.000000,0.000000,0.000000,0.000000,0.000000,0.000000,0.000000,0.000000,0.000000,0.000000,0.000000,0.000000,0.000000,0.000000,0.000000,0.000000,0.000000,0.000000,0.000000,0.000000,0.000000,0.000000,0.000000,0.000000,0.000000,0.000000,0.000000,0.000000,0.000000,0.000000,0.000000,0.000000,0.000000,0.000000,0.000000,0.000000,0.000000,0.000000,0.000000,0.000000,0.000000,0.000000,0.000000,0.000000,0.000000,0.000000,0.000000,0.000000,0.000000,0.000000,-0.001993,-0.377995,-0.214261,-0.002595,-0.000437,-0.364277,-0.001414,-0.000457,0.280638,0.263690,0.446698,0.155229,0.203958,0.154779,0.000000,0.298212,0.196881,0.179694,-0.000014,-0.000686,-0.009460,-0.003217,-0.001366,-0.001689,-0.000256,-0.018033,-0.081528,-0.002100,0.000000,0.000000,0.000000,0.000000,0.000000
Thalamus_7,0.000000,0.000000,0.000896,0.001716,0.023699,0.048100,0.006977,0.037973,0.001302,0.000913,0.027471,0.000975,0.000000,0.000000,0.000000,0.000000,0.000000,0.000000,0.000000,0.000000,0.000000,0.000000,0.000000,0.000000,0.000000,0.000000,0.000000,0.000000,0.000000,0.000000,0.000000,0.000000,0.000000,0.000000,0.000000,0.000000,0.000000,0.000000,0.000000,0.000000,0.000000,0.000000,0.000000,0.000000,0.000000,0.000000,0.000000,0.000000,0.000000,0.000000,0.000000,0.000000,0.000000,0.000000,0.000000,0.000000,0.000000,0.000000,0.000000,0.000000,0.000000,0.000000,0.000000,0.000000,0.000000,0.000000,0.000000,0.000000,0.000000,0.000000,0.000000,0.000000,0.000000,0.000000,-0.002466,-0.292631,-0.102003,-0.003605,-0.003548,-0.090454,-0.002195,-0.030688,0.304205,0.276508,0.475793,0.269565,0.235111,0.272612,0.458398,0.000000,0.195956,0.369279,-0.001339,-0.000844,-0.006734,-0.008467,-0.002952,-0.002446,-0.033882,-0.012899,-0.006910,-0.051729,0.000000,0.000000,0.000000,0.000000,0.000000
Thalamus_8,0.000000,0.000000,0.120318,0.164152,0.001501,0.000721,0.122726,0.001427,0.163172,0.105465,0.000784,0.070786,0.000000,0.000000,0.000000,0.000000,0.000000,0.000000,0.000000,0.000000,0.000000,0.000000,0.000000,0.000000,0.000000,0.000000,0.000000,0.000000,0.000000,0.000000,0.000000,0.000000,0.000000,0.000000,0.000000,0.000000,0.000000,0.000000,0.000000,0.000000,0.000000,0.000000,0.000000,0.000000,0.000000,0.000000,0.000000,0.000000,0.000000,0.000000,0.000000,0.000000,0.000000,0.000000,0.000000,0.000000,0.000000,0.000000,0.000000,0.000000,0.000000,0.000000,0.000000,0.000000,0.000000,0.000000,0.000000,0.000000,0.000000,0.000000,0.000000,0.000000,0.000000,0.000000,-0.337767,-0.473296,-0.350579,-0.053382,-0.366672,-0.385774,-0.346176,-0.608319,0.001814,0.002331,0.117764,0.021548,0.607786,0.912096,0.000998,0.001483,0.000000,0.135141,-0.509492,-0.447509,-0.264514,-0.478363,-0.665384,-0.519208,-0.415108,-0.310161,-0.466157,-0.456161,0.000000,0.000000,0.000000,0.000000,0.000000
Thalamus_9,0.000000,0.000000,0.000039,0.002250,0.000540,0.002898,0.011618,0.003605,0.000895,0.002966,0.002163,0.000024,0.000000,0.000000,0.000000,0.000000,0.000000,0.000000,0.000000,0.000000,0.000000,0.000000,0.000000,0.000000,0.000000,0.000000,0.000000,0.000000,0.000000,0.000000,0.000000,0.000000,0.000000,0.000000,0.000000,0.000000,0.000000,0.000000,0.000000,0.000000,0.000000,0.000000,0.000000,0.000000,0.000000,0.000000,0.000000,0.000000,0.000000,0.000000,0.000000,0.000000,0.000000,0.000000,0.000000,0.000000,0.000000,0.000000,0.000000,0.000000,0.000000,0.000000,0.000000,0.000000,0.000000,0.000000,0.000000,0.000000,0.000000,0.000000,0.000000,0.000000,0.000000,0.000000,-0.067604,-0.158946,-0.140131,-0.003249,-0.003222,-0.111016,-0.053548,-0.604096,0.285745,0.442670,0.684462,0.403730,0.318737,0.555117,0.128627,0.285385,0.260895,0.000000,-0.000123,-0.001182,-0.003184,-0.001338,-0.243917,-0.000529,-0.195004,-0.201463,-0.153073,-0.214038,0.000000,0.000000,0.000000,0.000000,0.000000
Thalamus_10,0.000000,0.000000,0.000009,0.001610,0.004728,0.003317,0.001385,0.002961,0.000305,0.000403,0.002024,0.001905,0.000000,0.000000,0.000000,0.000000,0.000000,0.000000,0.000000,0.000000,0.000000,0.000000,0.000000,0.000000,0.000000,0.000000,0.000000,0.000000,0.000000,0.000000,0.000000,0.000000,0.000000,0.000000,0.000000,0.000000,0.000000,0.000000,0.000000,0.000000,0.000000,0.000000,0.000000,0.000000,0.000000,0.000000,0.000000,0.000000,0.000000,0.000000,0.000000,0.000000,0.000000,0.000000,0.000000,0.000000,0.000000,0.000000,0.000000,0.000000,0.000000,0.000000,0.000000,0.000000,0.000000,0.000000,0.000000,0.000000,0.000000,0.000000,0.000000,0.000000,0.000000,0.000000,-0.216225,-0.325817,-0.387150,-0.739505,-0.110888,-0.261213,-0.127473,-0.289442,0.079630,0.116607,0.021275,0.104288,0.006769,0.029827,0.061288,0.095372,0.000025,0.112545,-0.000000,-0.004714,-0.001566,-0.062926,-0.052607,-0.000336,-0.205938,-0.195950,-0.018767,-0.192788,0.000000,0.000000,0.000000,0.000000,0.000000
Thalamus_11,0.000000,0.000000,0.001442,0.000186,0.001555,0.006564,0.003147,0.008246,0.000163,0.000401,0.000754,0.001417,0.000000,0.000000,0.000000,0.000000,0.000000,0.000000,0.000000,0.000000,0.000000,0.000000,0.000000,0.000000,0.000000,0.000000,0.000000,0.000000,0.000000,0.000000,0.000000,0.000000,0.000000,0.000000,0.000000,0.000000,0.000000,0.000000,0.000000,0.000000,0.000000,0.000000,0.000000,0.000000,0.000000,0.000000,0.000000,0.000000,0.000000,0.000000,0.000000,0.000000,0.000000,0.000000,0.000000,0.000000,0.000000,0.000000,0.000000,0.000000,0.000000,0.000000,0.000000,0.000000,0.000000,0.000000,0.000000,0.000000,0.000000,0.000000,0.000000,0.000000,0.000000,0.000000,-0.130438,-0.366507,-0.301626,-0.704970,-0.040633,-0.207681,-0.038519,-0.473387,0.073251,0.085558,0.000759,0.090784,0.000353,0.007322,0.055566,0.080298,0.000259,0.084256,-0.002331,-0.000000,-0.001201,-0.017500,-0.001853,-0.002332,-0.243174,-0.162157,-0.001255,-0.238588,0.000000,0.000000,0.000000,0.000000,0.000000
Thalamus_12,0.000000,0.000000,0.002490,0.001750,0.003349,0.010637,0.001037,0.004188,0.001790,0.002184,0.004494,0.002028,0.000000,0.000000,0.000000,0.000000,0.000000,0.000000,0.000000,0.000000,0.000000,0.000000,0.000000,0.000000,0.000000,0.000000,0.000000,0.000000,0.000000,0.000000,0.000000,0.000000,0.000000,0.000000,0.000000,0.000000,0.000000,0.000000,0.000000,0.000000,0.000000,0.000000,0.000000,0.000000,0.000000,0.000000,0.000000,0.000000,0.000000,0.000000,0.000000,0.000000,0.000000,0.000000,0.000000,0.000000,0.000000,0.000000,0.000000,0.000000,0.000000,0.000000,0.000000,0.000000,0.000000,0.000000,0.000000,0.000000,0.000000,0.000000,0.000000,0.000000,0.000000,0.000000,-0.163723,-0.453281,-0.369203,-0.548994,-0.472274,-0.451287,-0.070367,-1.233313,0.077287,0.091354,0.054348,0.100599,0.107948,0.117199,0.051277,0.089534,0.079262,0.098021,-0.002187,-0.000130,-0.000000,-0.177182,-0.112158,-0.000096,-0.279755,-0.188807,-0.019553,-0.333844,0.000000,0.000000,0.000000,0.000000,0.000000
Thalamus_13,0.000000,0.000000,0.000939,0.000025,0.003383,0.005483,0.005208,0.011471,0.000435,0.000864,0.000837,0.000193,0.000000,0.000000,0.000000,0.000000,0.000000,0.000000,0.000000,0.000000,0.000000,0.000000,0.000000,0.000000,0.000000,0.000000,0.000000,0.000000,0.000000,0.000000,0.000000,0.000000,0.000000,0.000000,0.000000,0.000000,0.000000,0.000000,0.000000,0.000000,0.000000,0.000000,0.000000,0.000000,0.000000,0.000000,0.000000,0.000000,0.000000,0.000000,0.000000,0.000000,0.000000,0.000000,0.000000,0.000000,0.000000,0.000000,0.000000,0.000000,0.000000,0.000000,0.000000,0.000000,0.000000,0.000000,0.000000,0.000000,0.000000,0.000000,0.000000,0.000000,0.000000,0.000000,-0.173092,-0.072041,-0.029772,-0.201781,-0.003612,-0.068424,-0.122676,-0.075150,0.046888,0.059328,0.031028,0.052248,0.011474,0.014340,0.022430,0.051976,0.001041,0.042306,-0.004266,-0.004399,-0.008821,-0.000000,-0.012926,-0.011175,-0.056013,-0.246377,-0.075434,-0.036900,0.000000,0.000000,0.000000,0.000000,0.000000
Thalamus_14,0.000000,0.000000,0.011678,0.007854,0.177205,0.096720,0.009969,0.129787,0.009399,0.012213,0.112336,0.013747,0.000000,0.000000,0.000000,0.000000,0.000000,0.000000,0.000000,0.000000,0.000000,0.000000,0.000000,0.000000,0.000000,0.000000,0.000000,0.000000,0.000000,0.000000,0.000000,0.000000,0.000000,0.000000,0.000000,0.000000,0.000000,0.000000,0.000000,0.000000,0.000000,0.000000,0.000000,0.000000,0.000000,0.000000,0.000000,0.000000,0.000000,0.000000,0.000000,0.000000,0.000000,0.000000,0.000000,0.000000,0.000000,0.000000,0.000000,0.000000,0.000000,0.000000,0.000000,0.000000,0.000000,0.000000,0.000000,0.000000,0.000000,0.000000,0.000000,0.000000,0.000000,0.000000,-0.240320,-0.002936,-0.003556,-1.955920,-0.369376,-0.002920,-0.130758,-1.208817,0.000600,0.047720,0.112441,0.028550,0.050444,0.071056,0.032636,0.038665,0.001350,0.008296,-0.304828,-0.214617,-0.379433,-0.199227,-0.000000,-0.306513,-0.000998,-0.005208,-0.003627,-0.002982,0.000000,0.000000,0.000000,0.000000,0.000000
Thalamus_15,0.000000,0.000000,0.001007,0.001398,0.000208,0.005220,0.001296,0.007609,0.000011,0.002104,0.003817,0.000227,0.000000,0.000000,0.000000,0.000000,0.000000,0.000000,0.000000,0.000000,0.000000,0.000000,0.000000,0.000000,0.000000,0.000000,0.000000,0.000000,0.000000,0.000000,0.000000,0.000000,0.000000,0.000000,0.000000,0.000000,0.000000,0.000000,0.000000,0.000000,0.000000,0.000000,0.000000,0.000000,0.000000,0.000000,0.000000,0.000000,0.000000,0.000000,0.000000,0.000000,0.000000,0.000000,0.000000,0.000000,0.000000,0.000000,0.000000,0.000000,0.000000,0.000000,0.000000,0.000000,0.000000,0.000000,0.000000,0.000000,0.000000,0.000000,0.000000,0.000000,0.000000,0.000000,-0.085084,-0.361434,-0.357776,-0.912857,-0.135042,-0.422558,-0.020020,-0.736744,0.079676,0.108746,0.003303,0.108141,0.001355,0.002290,0.053999,0.098411,0.000054,0.095975,-0.002991,-0.002784,-0.004110,-0.055951,-0.002979,-0.000000,-0.318040,-0.156224,-0.001542,-0.390366,0.000000,0.000000,0.000000,0.000000,0.000000
Thalamus_16,0.000000,0.000000,0.028281,0.007198,0.092875,0.072039,0.003208,0.084114,0.015732,0.033207,0.082059,0.047258,0.000000,0.000000,0.000000,0.000000,0.000000,0.000000,0.000000,0.000000,0.000000,0.000000,0.000000,0.000000,0.000000,0.000000,0.000000,0.000000,0.000000,0.000000,0.000000,0.000000,0.000000,0.000000,0.000000,0.000000,0.000000,0.000000,0.000000,0.000000,0.000000,0.000000,0.000000,0.000000,0.000000,0.000000,0.000000,0.000000,0.000000,0.000000,0.000000,0.000000,0.000000,0.000000,0.000000,0.000000,0.000000,0.000000,0.000000,0.000000,0.000000,0.000000,0.000000,0.000000,0.000000,0.000000,0.000000,0.000000,0.000000,0.000000,0.000000,0.000000,0.000000,0.000000,-0.156347,-0.633822,-0.511410,-0.835980,-0.117349,-0.620458,-0.155603,-0.581117,0.001148,0.001980,0.000948,0.002036,0.006644,0.008289,0.001176,0.000770,0.002184,0.002268,-0.212517,-0.184808,-0.290659,-0.199911,-0.001739,-0.321817,-0.000000,-0.033465,-0.003339,-0.000727,0.000000,0.000000,0.000000,0.000000,0.000000
Thalamus_17,0.000000,0.000000,0.111382,0.059162,0.366639,0.323496,0.082247,0.355705,0.090686,0.146046,0.355627,0.162318,0.000000,0.000000,0.000000,0.000000,0.000000,0.000000,0.000000,0.000000,0.000000,0.000000,0.000000,0.000000,0.000000,0.000000,0.000000,0.000000,0.000000,0.000000,0.000000,0.000000,0.000000,0.000000,0.000000,0.000000,0.000000,0.000000,0.000000,0.000000,0.000000,0.000000,0.000000,0.000000,0.000000,0.000000,0.000000,0.000000,0.000000,0.000000,0.000000,0.000000,0.000000,0.000000,0.000000,0.000000,0.000000,0.000000,0.000000,0.000000,0.000000,0.000000,0.000000,0.000000,0.000000,0.000000,0.000000,0.000000,0.000000,0.000000,0.000000,0.000000,0.000000,0.000000,-0.013900,-0.001183,-0.002531,-0.101364,-1.240165,-0.004210,-0.014230,-0.000280,0.049617,0.101617,0.015210,0.067349,0.002569,0.000436,0.058499,0.090157,0.000220,0.048212,-0.541374,-0.710478,-0.493221,-0.534510,-0.012296,-0.658441,-0.214421,-0.000000,-0.001489,-0.235651,0.000000,0.000000,0.000000,0.000000,0.000000
Thalamus_18,0.000000,0.000000,0.001248,0.001826,0.115613,0.135382,0.006596,0.133150,0.004649,0.003030,0.093522,0.004226,0.000000,0.000000,0.000000,0.000000,0.000000,0.000000,0.000000,0.000000,0.000000,0.000000,0.000000,0.000000,0.000000,0.000000,0.000000,0.000000,0.000000,0.000000,0.000000,0.000000,0.000000,0.000000,0.000000,0.000000,0.000000,0.000000,0.000000,0.000000,0.000000,0.000000,0.000000,0.000000,0.000000,0.000000,0.000000,0.000000,0.000000,0.000000,0.000000,0.000000,0.000000,0.000000,0.000000,0.000000,0.000000,0.000000,0.000000,0.000000,0.000000,0.000000,0.000000,0.000000,0.000000,0.000000,0.000000,0.000000,0.000000,0.000000,0.000000,0.000000,0.000000,0.000000,-0.003161,-0.003169,-0.001502,-1.600739,-1.215626,-0.003504,-0.001547,-2.951172,0.044691,0.140028,0.005636,0.109060,0.009819,0.010708,0.058342,0.109499,0.014680,0.071927,-0.386267,-0.422675,-0.577811,-0.390677,-0.003316,-0.437007,-0.002134,-0.000977,-0.000000,-0.001844,0.000000,0.000000,0.000000,0.000000,0.000000
Thalamus_19,0.000000,0.000000,0.030879,0.012812,0.092609,0.063134,0.006364,0.079646,0.020661,0.037055,0.082879,0.040463,0.000000,0.000000,0.000000,0.000000,0.000000,0.000000,0.000000,0.000000,0.000000,0.000000,0.000000,0.000000,0.000000,0.000000,0.000000,0.000000,0.000000,0.000000,0.000000,0.000000,0.000000,0.000000,0.000000,0.000000,0.000000,0.000000,0.000000,0.000000,0.000000,0.000000,0.000000,0.000000,0.000000,0.000000,0.000000,0.000000,0.000000,0.000000,0.000000,0.000000,0.000000,0.000000,0.000000,0.000000,0.000000,0.000000,0.000000,0.000000,0.000000,0.000000,0.000000,0.000000,0.000000,0.000000,0.000000,0.000000,0.000000,0.000000,0.000000,0.000000,0.000000,0.000000,-0.124132,-0.522273,-0.530305,-0.904279,-0.052961,-0.671925,-0.142000,-0.588515,0.000545,0.000621,0.000088,0.001600,0.002695,0.003573,0.001323,0.003780,0.002647,0.000141,-0.224465,-0.202460,-0.275654,-0.146932,-0.000930,-0.317093,-0.000959,-0.050944,-0.005287,-0.000000,0.000000,0.000000,0.000000,0.000000,0.000000
Medulla_0,0.000000,0.000000,0.000000,0.000000,0.000000,0.000000,0.000000,0.000000,0.000000,0.000000,0.000000,0.000000,0.043210,0.065962,0.001483,0.036190,0.267239,0.017707,0.053968,0.208901,0.066081,0.083449,0.000000,0.000000,0.000000,0.000000,0.000000,0.000000,0.000000,0.000000,0.000000,0.000000,0.000000,0.000000,0.000000,0.000000,0.000000,0.000000,0.000000,0.000000,0.000000,0.000000,0.000000,0.000000,0.000000,0.000000,0.000000,0.000000,0.000000,0.000000,0.000000,0.000000,0.000000,0.000000,0.000000,0.000000,0.000000,0.000000,0.000000,0.000000,0.000000,0.000000,0.000000,0.000000,0.000000,0.000000,0.000000,0.000000,0.000000,0.000000,0.000000,0.000000,0.000000,0.000000,0.000000,0.000000,0.000000,0.000000,0.000000,0.000000,0.000000,0.000000,0.000000,0.000000,0.000000,0.000000,0.000000,0.000000,0.000000,0.000000,0.000000,0.000000,0.000000,0.000000,0.000000,0.000000,0.000000,0.000000,0.000000,0.000000,0.000000,0.000000,0.544548,1.008780,-0.278152,-0.687696,0.000000
Medulla_1,0.000000,0.000000,0.000000,0.000000,0.000000,0.000000,0.000000,0.000000,0.000000,0.000000,0.000000,0.000000,0.158594,0.082848,0.102572,0.136851,0.012494,0.107553,0.141980,0.020685,0.021810,0.009403,0.000000,0.000000,0.000000,0.000000,0.000000,0.000000,0.000000,0.000000,0.000000,0.000000,0.000000,0.000000,0.000000,0.000000,0.000000,0.000000,0.000000,0.000000,0.000000,0.000000,0.000000,0.000000,0.000000,0.000000,0.000000,0.000000,0.000000,0.000000,0.000000,0.000000,0.000000,0.000000,0.000000,0.000000,0.000000,0.000000,0.000000,0.000000,0.000000,0.000000,0.000000,0.000000,0.000000,0.000000,0.000000,0.000000,0.000000,0.000000,0.000000,0.000000,0.000000,0.000000,0.000000,0.000000,0.000000,0.000000,0.000000,0.000000,0.000000,0.000000,0.000000,0.000000,0.000000,0.000000,0.000000,0.000000,0.000000,0.000000,0.000000,0.000000,0.000000,0.000000,0.000000,0.000000,0.000000,0.000000,0.000000,0.000000,0.000000,0.000000,1.008780,0.802368,-0.687696,-0.238222,0.000000
Medulla_2,0.000000,0.000000,0.000000,0.000000,0.000000,0.000000,0.000000,0.000000,0.000000,0.000000,0.000000,0.000000,0.000000,0.000000,0.000000,0.000000,0.000000,0.000000,0.000000,0.000000,0.000000,0.000000,0.000000,0.000000,0.000000,0.000000,0.000000,0.000000,0.000000,0.000000,0.000000,0.000000,0.000000,0.000000,0.000000,0.000000,0.000000,0.000000,0.000000,0.000000,0.000000,0.000000,0.000000,0.000000,0.000000,0.000000,0.000000,0.000000,0.000000,0.000000,0.000000,0.000000,0.000000,0.000000,0.000000,0.000000,0.000000,0.000000,0.000000,0.000000,0.000000,0.000000,0.000000,0.000000,0.000000,0.000000,0.000000,0.000000,0.000000,0.000000,0.000000,0.000000,0.000000,0.000000,0.000000,0.000000,0.000000,0.000000,0.000000,0.000000,0.000000,0.000000,0.000000,0.000000,0.000000,0.000000,0.000000,0.000000,0.000000,0.000000,0.000000,0.000000,0.000000,0.000000,0.000000,0.000000,0.000000,0.000000,0.000000,0.000000,0.000000,0.000000,0.559260,0.455271,-0.628270,-0.095747,0.000000
Medulla_3,0.000000,0.000000,0.000000,0.000000,0.000000,0.000000,0.000000,0.000000,0.000000,0.000000,0.000000,0.000000,0.000000,0.000000,0.000000,0.000000,0.000000,0.000000,0.000000,0.000000,0.000000,0.000000,0.000000,0.000000,0.000000,0.000000,0.000000,0.000000,0.000000,0.000000,0.000000,0.000000,0.000000,0.000000,0.000000,0.000000,0.000000,0.000000,0.000000,0.000000,0.000000,0.000000,0.000000,0.000000,0.000000,0.000000,0.000000,0.000000,0.000000,0.000000,0.000000,0.000000,0.000000,0.000000,0.000000,0.000000,0.000000,0.000000,0.000000,0.000000,0.000000,0.000000,0.000000,0.000000,0.000000,0.000000,0.000000,0.000000,0.000000,0.000000,0.000000,0.000000,0.000000,0.000000,0.000000,0.000000,0.000000,0.000000,0.000000,0.000000,0.000000,0.000000,0.000000,0.000000,0.000000,0.000000,0.000000,0.000000,0.000000,0.000000,0.000000,0.000000,0.000000,0.000000,0.000000,0.000000,0.000000,0.000000,0.000000,0.000000,0.000000,0.000000,0.455271,0.020836,-0.095747,-0.223972,0.000000
Output_0,0.000000,0.000000,0.000000,0.000000,0.000000,0.000000,0.000000,0.000000,0.000000,0.000000,0.000000,0.000000,0.000000,0.000000,0.000000,0.000000,0.000000,0.000000,0.000000,0.000000,0.000000,0.000000,0.000000,0.000000,0.000000,0.000000,0.000000,0.000000,0.000000,0.000000,0.000000,0.000000,0.000000,0.000000,0.000000,0.000000,0.000000,0.000000,0.000000,0.000000,0.000000,0.000000,0.000000,0.000000,0.000000,0.000000,0.000000,0.000000,0.000000,0.000000,0.000000,0.000000,0.000000,0.000000,0.000000,0.000000,0.000000,0.000000,0.000000,0.000000,0.000000,0.000000,0.000000,0.000000,0.000000,0.000000,0.000000,0.000000,0.000000,0.000000,0.000000,0.000000,0.000000,0.000000,0.000000,0.000000,0.000000,0.000000,0.000000,0.000000,0.000000,0.000000,0.000000,0.000000,0.000000,0.000000,0.000000,0.000000,0.000000,0.000000,0.000000,0.000000,0.000000,0.000000,0.000000,0.000000,0.000000,0.000000,0.000000,0.000000,0.000000,0.000000,0.704472,0.645623,0.000000,0.000000,0.000000
